region_id,region_name,city_id,city_name,district_id,district_name
01,Adrar,01,Adrar,006,Bouda
01,Adrar,01,Adrar,013,Ouled Ahmed Timmi
01,Adrar,01,Adrar,001,Adrar
01,Adrar,02,Aoulef,022,Timekten
01,Adrar,02,Aoulef,026,Tit
01,Adrar,02,Aoulef,002,Akabli
01,Adrar,02,Aoulef,004,Aoulef
01,Adrar,03,Fenoughil,009,Fenoughil
01,Adrar,03,Fenoughil,021,Tamest
01,Adrar,03,Fenoughil,020,Tamantit
01,Adrar,04,Reggane,016,Reggane
01,Adrar,04,Reggane,017,Sali
01,Adrar,05,Tsabit,018,Sebaa
01,Adrar,05,Tsabit,027,Tsabit
01,Adrar,06,Zaouiat Kounta,010,In Zghmir
01,Adrar,06,Zaouiat Kounta,028,Zaouiet Kounta
02,Chlef,01,Abou El Hassane,060,Talassa
02,Chlef,01,Abou El Hassane,059,Tadjena
02,Chlef,01,Abou El Hassane,029,Abou El Hassane
02,Chlef,02,Ain Merane,030,Ain Merane
02,Chlef,02,Ain Merane,045,Herenfa
02,Chlef,03,Beni Haoua,037,Breira
02,Chlef,03,Beni Haoua,033,Beni Haoua
02,Chlef,03,Beni Haoua,049,Oued Goussine
02,Chlef,04,Boukadir,035,Boukadir
02,Chlef,04,Boukadir,050,Oued Sly
02,Chlef,04,Boukadir,058,Sobha
02,Chlef,05,Chlef,039,Chlef
02,Chlef,05,Chlef,054,Oum Drou
02,Chlef,05,Chlef,055,Sendjas
02,Chlef,06,El Karimia,032,Beni  Bouattab
02,Chlef,06,El Karimia,042,El Karimia
02,Chlef,06,El Karimia,044,Harchoun
02,Chlef,07,El Marsa,043,El Marsa
02,Chlef,07,El Marsa,047,Moussadek
02,Chlef,08,Oued Fodda,051,Ouled Abbes
02,Chlef,08,Oued Fodda,048,Oued Fodda
02,Chlef,08,Oued Fodda,034,Beni Rached
02,Chlef,09,Ouled Ben Abdelkader,041,El Hadjadj
02,Chlef,09,Ouled Ben Abdelkader,052,Ouled Ben Abdelkader
02,Chlef,10,Ouled Fares,038,Chettia
02,Chlef,10,Ouled Fares,053,Ouled Fares
02,Chlef,10,Ouled Fares,046,Labiod Medjadja
02,Chlef,11,Taougrit,061,Taougrit
02,Chlef,11,Taougrit,040,Dahra
02,Chlef,12,Tenes,056,Sidi Abderrahmane
02,Chlef,12,Tenes,057,Sidi Akkacha
02,Chlef,12,Tenes,062,Tenes
02,Chlef,13,Zeboudja,063,Zeboudja
02,Chlef,13,Zeboudja,036,Bouzeghaia
02,Chlef,13,Zeboudja,031,Benairia
03,Laghouat,01,Aflou,082,Sebgag
03,Laghouat,01,Aflou,083,Sidi Bouzid
03,Laghouat,01,Aflou,064,Aflou
03,Laghouat,02,Ain Madhi,085,Tadjemout
03,Laghouat,02,Ain Madhi,086,Tadjrouna
03,Laghouat,02,Ain Madhi,065,Ain Madhi
03,Laghouat,02,Ain Madhi,072,El Haouaita
03,Laghouat,02,Ain Madhi,077,Kheneg
03,Laghouat,03,Brida,069,Brida
03,Laghouat,03,Brida,074,Hadj Mechri
03,Laghouat,03,Brida,087,Taouiala
03,Laghouat,04,El Ghicha,071,El Ghicha
03,Laghouat,05,Gueltat Sidi Saad,067,El Beidha
03,Laghouat,05,Gueltat Sidi Saad,073,Gueltat Sidi Saad
03,Laghouat,05,Gueltat Sidi Saad,066,Ain Sidi Ali
03,Laghouat,06,Hassi R'mel,075,Hassi Delaa
03,Laghouat,06,Hassi R'mel,076,Hassi R'mel
03,Laghouat,07,Ksar El Hirane,078,Ksar El Hirane
03,Laghouat,07,Ksar El Hirane,068,Benacer Benchohra
03,Laghouat,08,Laghouat,079,Laghouat
03,Laghouat,09,Oued Morra,080,Oued Morra
03,Laghouat,09,Oued Morra,081,Oued M'zi
03,Laghouat,10,Sidi Makhlouf,070,El Assafia
03,Laghouat,10,Sidi Makhlouf,084,Sidi Makhlouf
04,Oum El Bouaghi,01,Ain Babouche,088,Ain Babouche
04,Oum El Bouaghi,01,Ain Babouche,090,Ain Diss
04,Oum El Bouaghi,02,Ain Beida,089,Ain Beida
04,Oum El Bouaghi,02,Ain Beida,096,Berriche
04,Oum El Bouaghi,02,Ain Beida,116,Zorg
04,Oum El Bouaghi,03,Ain Fekroun,102,El Fedjoudj Boughrara Sa
04,Oum El Bouaghi,03,Ain Fekroun,091,Ain Fekroun
04,Oum El Bouaghi,04,Ain Kercha,092,Ain Kercha
04,Oum El Bouaghi,04,Ain Kercha,103,El Harmilia
04,Oum El Bouaghi,04,Ain Kercha,105,Hanchir Toumghani
04,Oum El Bouaghi,05,Ain M'lila,093,Ain M'lila
04,Oum El Bouaghi,05,Ain M'lila,109,Ouled Gacem
04,Oum El Bouaghi,05,Ain M'lila,110,Ouled Hamla
04,Oum El Bouaghi,06,Dhalaa,098,Dhalaa
04,Oum El Bouaghi,06,Dhalaa,101,El Djazia
04,Oum El Bouaghi,07,F'kirina,104,Fkirina
04,Oum El Bouaghi,07,F'kirina,108,Oued Nini
04,Oum El Bouaghi,08,Ksar Sbahi,106,Ksar Sbahi
04,Oum El Bouaghi,09,Meskiana,113,Rahia
04,Oum El Bouaghi,09,Meskiana,107,Meskiana
04,Oum El Bouaghi,09,Meskiana,100,El Belala
04,Oum El Bouaghi,09,Meskiana,095,Behir Chergui
04,Oum El Bouaghi,10,Oum El Bouaghi,112,Oum El Bouaghi
04,Oum El Bouaghi,10,Oum El Bouaghi,094,Ain Zitoun

04,Oum El Bouaghi,11,Sigus,099,El Amiria
04,Oum El Bouaghi,11,Sigus,114,Sigus
04,Oum El Bouaghi,12,Souk Naamane,115,Souk Naamane
04,Oum El Bouaghi,12,Souk Naamane,111,Ouled Zouai
04,Oum El Bouaghi,12,Souk Naamane,097,Bir Chouhada
05,Batna,01,Ain Djasser,117,Ain Djasser
05,Batna,01,Ain Djasser,134,El Hassi
05,Batna,02,Ain Touta,150,Maafa
05,Batna,02,Ain Touta,118,Ain Touta
05,Batna,02,Ain Touta,124,Beni Foudhala El Hakania
05,Batna,02,Ain Touta,158,Ouled Aouf
05,Batna,03,Arris,120,Arris
05,Batna,03,Arris,173,Tighanimine
05,Batna,04,Barika,122,Barika
05,Batna,04,Barika,125,Bitam
05,Batna,04,Barika,149,M Doukal
05,Batna,05,Batna,123,Batna
05,Batna,05,Batna,136,Fesdis
05,Batna,05,Batna,154,Oued Chaaba
05,Batna,06,Bouzina,129,Bouzina
05,Batna,06,Bouzina,146,Larbaa
05,Batna,07,Chemora,126,Boulhilat
05,Batna,07,Chemora,130,Chemora
05,Batna,08,Djezzar,121,Azil Abedelkader
05,Batna,08,Djezzar,133,Djezzar
05,Batna,08,Djezzar,157,Ouled Ammar
05,Batna,09,El Madher,119,Ain Yagout
05,Batna,09,El Madher,128,Boumia
05,Batna,09,El Madher,132,Djerma
05,Batna,09,El Madher,135,El Madher
05,Batna,10,Ichemoul,137,Foum Toub
05,Batna,10,Ichemoul,142,Ichemoul
05,Batna,10,Ichemoul,143,Inoughissen
05,Batna,11,Menaa,151,Menaa
05,Batna,11,Menaa,174,Tigharghar
05,Batna,12,Merouana,141,Hidoussa
05,Batna,12,Merouana,145,Ksar Bellezma
05,Batna,12,Merouana,152,Merouana
05,Batna,12,Merouana,155,Oued El Ma
05,Batna,13,N'gaous,127,Boumagueur
05,Batna,13,N'gaous,153,N Gaous
05,Batna,13,N'gaous,165,Sefiane
05,Batna,14,Ouled Si Slimane,170,Taxlent
05,Batna,14,Ouled Si Slimane,161,Ouled Si Slimane
05,Batna,14,Ouled Si Slimane,148,Lemcene
05,Batna,15,Ras El Aioun,139,Gosbat
05,Batna,15,Ras El Aioun,169,Talkhamt
05,Batna,15,Ras El Aioun,164,Ras El Aioun
05,Batna,15,Ras El Aioun,163,Rahbat
05,Batna,15,Ras El Aioun,160,Ouled Sellem
05,Batna,15,Ras El Aioun,140,Guigba
05,Batna,16,Seggana,166,Seggana
05,Batna,16,Seggana,175,Tilatou
05,Batna,17,Seriana,147,Lazrou
05,Batna,17,Seriana,167,Seriana
05,Batna,17,Seriana,177,Zanet El Beida
05,Batna,18,Tazoult,162,Ouyoun El Assafir
05,Batna,18,Tazoult,171,Tazoult
05,Batna,19,Theniet El Abed,172,Teniet El Abed
05,Batna,19,Theniet El Abed,131,Chir
05,Batna,19,Theniet El Abed,156,Oued Taga
05,Batna,20,Timgad,176,Timgad
05,Batna,20,Timgad,159,Ouled Fadel
05,Batna,21,Tkout,138,Ghassira
05,Batna,21,Tkout,144,Kimmel
05,Batna,21,Tkout,168,T Kout
06,Béjaïa,01,Adekar,178,Adekar
06,Béjaïa,01,Adekar,189,Beni K'sila
06,Béjaïa,01,Adekar,220,Taourit Ighil
06,Béjaïa,02,Akbou,181,Akbou
06,Béjaïa,02,Akbou,195,Chellata
06,Béjaïa,02,Akbou,205,Ighram
06,Béjaïa,02,Akbou,218,Tamokra
06,Béjaïa,03,Amizour,188,Beni Djellil
06,Béjaïa,03,Amizour,202,Feraoun
06,Béjaïa,03,Amizour,214,Smaoun
06,Béjaïa,03,Amizour,184,Amizour
06,Béjaïa,04,Aokas,185,Aokas
06,Béjaïa,04,Aokas,228,Tizi-N'berber
06,Béjaïa,05,Barbacha,186,Barbacha
06,Béjaïa,05,Barbacha,206,Kendira
06,Béjaïa,06,Bejaia,187,Bejaia
06,Béjaïa,06,Bejaia,210,Oued Ghir
06,Béjaïa,07,Beni Maouche,191,Benimaouche
06,Béjaïa,08,Chemini,182,Akfadou
06,Béjaïa,08,Chemini,196,Chemini
06,Béjaïa,08,Chemini,216,Souk Oufella
06,Béjaïa,08,Chemini,223,Tibane
06,Béjaïa,09,Darguina,180,Ait-Smail
06,Béjaïa,09,Darguina,197,Darguina
06,Béjaïa,09,Darguina,221,Taskriout
06,Béjaïa,10,El Kseur,200,El Kseur
06,Béjaïa,10,El Kseur,201,Fenaia Il Maten
06,Béjaïa,10,El Kseur,229,Toudja
06,Béjaïa,11,Ifri Ouzellaguene,203,Ouzellaguen
06,Béjaïa,12,Ighil Ali,179,Ait R'zine
06,Béjaïa,12,Ighil Ali,204,Ighil-Ali
06,Béjaïa,13,Kherrata,198,Dra El Caid
06,Béjaïa,13,Kherrata,207,Kherrata
06,Béjaïa,14,Seddouk,183,Amalou

06,Béjaïa,14,Seddouk,183,Amalou
06,Béjaïa,14,Seddouk,193,Bouhamza
06,Béjaïa,14,Seddouk,208,M'cisna
06,Béjaïa,14,Seddouk,211,Seddouk
06,Béjaïa,15,Sidi Aich,212,Sidi Ayad
06,Béjaïa,15,Sidi Aich,199,Leflaye
06,Béjaïa,15,Sidi Aich,213,Sidi-Aich
06,Béjaïa,15,Sidi Aich,225,Tifra
06,Béjaïa,15,Sidi Aich,227,Tinebdar
06,Béjaïa,16,Souk El Tenine,209,Melbou
06,Béjaïa,16,Souk El Tenine,215,Souk El Tenine
06,Béjaïa,16,Souk El Tenine,219,Tamridjet
06,Béjaïa,17,Tazmalt,190,Beni-Mallikeche
06,Béjaïa,17,Tazmalt,192,Boudjellil
06,Béjaïa,17,Tazmalt,222,Tazmalt
06,Béjaïa,18,Tichy,194,Boukhelifa
06,Béjaïa,18,Tichy,217,Tala Hamza
06,Béjaïa,18,Tichy,224,Tichy
06,Béjaïa,19,Timezrit,226,Timezrit
07,Biskra,01,Biskra,233,Biskra
07,Biskra,01,Biskra,243,El Hadjab
07,Biskra,02,Djemorah,239,Djemorah
07,Biskra,02,Djemorah,236,Branis
07,Biskra,03,El Kantara,245,El Kantara
07,Biskra,03,El Kantara,231,Ain Zaatout
07,Biskra,04,El Outaya,246,El Outaya
07,Biskra,05,Foughala,247,Foughala
07,Biskra,05,Foughala,242,El Ghrous
07,Biskra,06,Mechouneche,251,M'chouneche
07,Biskra,07,Ourlal,252,Mekhadma
07,Biskra,07,Ourlal,254,M'lili
07,Biskra,07,Ourlal,257,Ourlal
07,Biskra,07,Ourlal,256,Oumache
07,Biskra,07,Ourlal,250,Lioua
07,Biskra,08,Sidi Okba,230,Ain Naga
07,Biskra,08,Sidi Okba,238,Chetma
07,Biskra,08,Sidi Okba,244,El Haouch
07,Biskra,08,Sidi Okba,260,Sidi Okba
07,Biskra,09,Tolga,249,Lichana
07,Biskra,09,Tolga,235,Bouchakroun
07,Biskra,09,Tolga,234,Bordj Ben Azzouz
07,Biskra,09,Tolga,261,Tolga
07,Biskra,10,Zeribet El Oued,241,El Feidh
07,Biskra,10,Zeribet El Oued,248,Khenguet Sidi Nadji
07,Biskra,10,Zeribet El Oued,262,Zeribet El Oued
07,Biskra,10,Zeribet El Oued,253,Meziraa
08,Béchar,01,Abadla,263,Abadla
08,Béchar,01,Abadla,270,Erg-Ferradj
08,Béchar,01,Abadla,276,Machraa-Houari-Boumediene
08,Béchar,02,Bechar,264,Bechar
08,Béchar,03,Beni Ounif,267,Beni-Ounif
08,Béchar,04,Kenadsa,277,Meridja
08,Béchar,04,Kenadsa,272,Kenadsa
08,Béchar,05,Lahmar,268,Boukais
08,Béchar,05,Lahmar,275,Lahmar
08,Béchar,05,Lahmar,278,Mogheul
08,Béchar,06,Tabelbala,280,Tabelbala
08,Béchar,07,Taghit,281,Taghit
09,Blida,01,Blida,289,Bouarfa
09,Blida,01,Blida,288,Blida
09,Blida,02,Boufarik,308,Soumaa
09,Blida,02,Boufarik,298,Guerrouaou
09,Blida,02,Boufarik,290,Boufarik
09,Blida,03,Bougara,305,Ouled Slama
09,Blida,03,Bougara,299,Hammam Elouane
09,Blida,03,Bougara,291,Bougara
09,Blida,04,Bouinan,293,Chebli
09,Blida,04,Bouinan,292,Bouinan
09,Blida,05,El Affroun,303,Oued  Djer
09,Blida,05,El Affroun,297,El-Affroun
09,Blida,06,Larbaa,307,Souhane
09,Blida,06,Larbaa,300,Larbaa
09,Blida,07,Meftah,301,Meftah
09,Blida,07,Meftah,296,Djebabra
09,Blida,08,Mouzaia,302,Mouzaia
09,Blida,08,Mouzaia,294,Chiffa
09,Blida,08,Mouzaia,284,Ain Romana
09,Blida,09,Oued El Alleug,304,Oued El Alleug
09,Blida,09,Oued El Alleug,287,Benkhelil
09,Blida,09,Oued El Alleug,286,Beni-Tamou
09,Blida,10,Ouled Yaich,285,Beni Mered
09,Blida,10,Ouled Yaich,306,Ouled Yaich
09,Blida,10,Ouled Yaich,295,Chrea
10,Bouira,01,Ain Bessem,312,Ain Laloui
10,Bouira,01,Ain Bessem,311,Ain El Hadjar
10,Bouira,01,Ain Bessem,314,Ain-Bessem
10,Bouira,02,Bechloul,310,Ahl El Ksar
10,Bouira,02,Bechloul,317,Bechloul
10,Bouira,02,Bechloul,327,El Adjiba
10,Bouira,02,Bechloul,328,El Asnam
10,Bouira,02,Bechloul,344,Ouled Rached
10,Bouira,03,Bir Ghbalou,345,Raouraoua
10,Bouira,03,Bir Ghbalou,330,El Khabouzia
10,Bouira,03,Bir Ghbalou,318,Bir Ghbalou
10,Bouira,04,Bordj Okhriss,334,Hadjera Zerga
10,Bouira,04,Bordj Okhriss,342,Mezdour
10,Bouira,04,Bordj Okhriss,351,Taguedite
10,Bouira,04,Bordj Okhriss,319,Bordj Okhriss
10,Bouira,05,Bouira,321,Bouira
10,Bouira,05,Bouira,313,Ain Turk

10,Bouira,5,Bouira,313,Ain Turk
10,Bouira,5,Bouira,315,Ait Laaziz
10,Bouira,6,El Hachimia,329,El Hachimia
10,Bouira,6,El Hachimia,343,Oued El Berdi
10,Bouira,7,Haizer,335,Haizer
10,Bouira,7,Haizer,350,Taghzout
10,Bouira,8,Kadiria,316,Aomar
10,Bouira,8,Kadiria,326,Djebahia
10,Bouira,8,Kadiria,337,Kadiria
10,Bouira,9,Lakhdaria,320,Bouderbala
10,Bouira,9,Lakhdaria,322,Boukram
10,Bouira,9,Lakhdaria,333,Guerrouma
10,Bouira,9,Lakhdaria,338,Lakhdaria
10,Bouira,9,Lakhdaria,340,Maala
10,Bouira,9,Lakhdaria,353,Z'barbar (El Isseri )
10,Bouira,10,M'chedallah,352,Ath Mansour
10,Bouira,10,M'chedallah,347,Saharidj
10,Bouira,10,M'chedallah,339,M Chedallah
10,Bouira,10,M'chedallah,336,Hanif
10,Bouira,10,M'chedallah,323,Chorfa
10,Bouira,10,M'chedallah,309,Aghbalou
10,Bouira,11,Souk El Khemis,332,El-Mokrani
10,Bouira,11,Souk El Khemis,348,Souk El Khemis
10,Bouira,12,Sour El Ghozlane,346,Ridane
10,Bouira,12,Sour El Ghozlane,341,Maamora
10,Bouira,12,Sour El Ghozlane,331,El-Hakimia
10,Bouira,12,Sour El Ghozlane,325,Dirah
10,Bouira,12,Sour El Ghozlane,324,Dechmia
10,Bouira,12,Sour El Ghozlane,349,Sour El Ghozlane
11,Tamanrasset,01,Silet,354,Abelsa
11,Tamanrasset,02,Tamanrasset,361,Tamanrasset
11,Tamanrasset,02,Tamanrasset,355,Ain Amguel
11,Tamanrasset,03,Tazrouk,362,Tazrouk
11,Tamanrasset,04,Tazrouk,359,Idles
12,Tébessa,01,Bir El Ater,378,El Ogla El Malha
12,Tébessa,01,Bir El Ater,369,Bir-El-Ater
12,Tébessa,02,Bir Mokadem,368,Bir Mokkadem
12,Tébessa,02,Bir Mokadem,382,Guorriguer
12,Tébessa,02,Bir Mokadem,383,Hammamet
12,Tébessa,03,Cheria,391,Telidjen
12,Tébessa,03,Cheria,372,Cheria
12,Tébessa,04,El Aouinet,379,El-Aouinet
12,Tébessa,04,El Aouinet,370,Boukhadra
12,Tébessa,05,El Kouif,366,Bekkaria
12,Tébessa,05,El Kouif,371,Boulhaf Dyr
12,Tébessa,05,El Kouif,373,El Kouif
12,Tébessa,06,El Malabiod,380,El-Houidjbet
12,Tébessa,06,El Malabiod,374,El Malabiod
12,Tébessa,07,El Ogla,389,Stah Guentis
12,Tébessa,07,El Ogla,377,El Ogla
12,Tébessa,07,El Ogla,376,El Mezeraa
12,Tébessa,07,El Ogla,365,Bedjene
12,Tébessa,08,Morsott,367,Bir Dheheb
12,Tébessa,08,Morsott,384,Morsott
12,Tébessa,09,Negrine,381,Ferkane
12,Tébessa,09,Negrine,385,Negrine
12,Tébessa,10,Ouenza,386,Ouenza
12,Tébessa,10,Ouenza,375,El Meridj
12,Tébessa,10,Ouenza,364,Ain Zerga
12,Tébessa,11,Oum Ali,388,Saf Saf El Ouesra
12,Tébessa,11,Oum Ali,387,Oum Ali
12,Tébessa,12,Tebessa,390,Tebessa
13,Tlemcen,01,Ain Tellout,396,Ain Nehala
13,Tlemcen,01,Ain Tellout,397,Ain Tellout
13,Tlemcen,02,Bab El Assa,400,Bab El Assa
13,Tlemcen,02,Bab El Assa,440,Souk Tleta
13,Tlemcen,02,Bab El Assa,439,Souani
13,Tlemcen,03,Beni Boussaid,437,Sidi Medjahed
13,Tlemcen,03,Beni Boussaid,402,Beni Boussaid
13,Tlemcen,04,Beni Snous,401,Beni Bahdel
13,Tlemcen,04,Beni Snous,407,Beni Snous
13,Tlemcen,04,Beni Snous,415,Azail
13,Tlemcen,05,Bensekrane,435,Sidi Abdelli
13,Tlemcen,05,Bensekrane,408,Bensekrane
13,Tlemcen,06,Chetouane,411,Chetouane
13,Tlemcen,06,Chetouane,399,Amieur
13,Tlemcen,06,Chetouane,393,Ain Fezza
13,Tlemcen,07,Fellaoucene,418,Fellaoucene
13,Tlemcen,07,Fellaoucene,395,Ain Kebira
13,Tlemcen,07,Fellaoucene,392,Ain Fetah
13,Tlemcen,08,Ghazaouet,412,Dar Yaghmoracen
13,Tlemcen,08,Ghazaouet,419,Ghazaouet
13,Tlemcen,08,Ghazaouet,438,Souahlia
13,Tlemcen,08,Ghazaouet,442,Tianet
13,Tlemcen,09,Hennaya,444,Zenata
13,Tlemcen,09,Hennaya,430,Ouled Riyah
13,Tlemcen,09,Hennaya,421,Hennaya
13,Tlemcen,10,Honnaine,422,Honnaine
13,Tlemcen,10,Honnaine,403,Beni Khellad
13,Tlemcen,11,Maghnia,423,Maghnia
13,Tlemcen,11,Maghnia,420,Hammam Boughrara
13,Tlemcen,12,Mansourah,441,Terny Beni Hediel
13,Tlemcen,12,Mansourah,424,Mansourah
13,Tlemcen,12,Mansourah,404,Beni Mester
13,Tlemcen,12,Mansourah,394,Ain Ghoraba
13,Tlemcen,13,Marsa Ben Mehdi,426,M'sirda Fouaga
13,Tlemcen,13,Marsa Ben Mehdi,425,Marsa Ben M'hidi
13,Tlemcen,14,Nedroma,427,Nedroma
13,Tlemcen,14,Nedroma,413,Djebala
13,Tlemcen,15,Ouled Mimoun,406,Beni Smiel

13,Tlemcen,14,Nedroma,413,Djebala
13,Tlemcen,15,Ouled Mimoun,406,Beni Smiel
13,Tlemcen,15,Ouled Mimoun,428,Oued Lakhdar
13,Tlemcen,15,Ouled Mimoun,429,Ouled Mimoun
13,Tlemcen,16,Remchi,398,Ain Youcef
13,Tlemcen,16,Remchi,405,Beni Ouarsous
13,Tlemcen,16,Remchi,416,El Fehoul
13,Tlemcen,16,Remchi,431,Remchi
13,Tlemcen,16,Remchi,433,Sebbaa Chioukh
13,Tlemcen,17,Sabra,409,Bouhlou
13,Tlemcen,17,Sabra,432,Sabra
13,Tlemcen,18,Sebdou,434,Sebdou
13,Tlemcen,18,Sebdou,417,El Gor
13,Tlemcen,18,Sebdou,414,El Aricha
13,Tlemcen,19,Sidi Djillali,436,Sidi Djillali
13,Tlemcen,19,Sidi Djillali,410,Bouihi
13,Tlemcen,20,Tlemcen,443,Tlemcen
14,Tiaret,01,Ain Deheb,446,Ain Deheb
14,Tiaret,01,Ain Deheb,451,Chehaima
14,Tiaret,01,Ain Deheb,468,Naima
14,Tiaret,02,Ain Kermes,449,Ain Kermes
14,Tiaret,02,Ain Kermes,453,Djebilet Rosfa
14,Tiaret,02,Ain Kermes,460,Madna
14,Tiaret,02,Ain Kermes,463,Medrissa
14,Tiaret,02,Ain Kermes,476,Sidi Abderrahmane
14,Tiaret,03,Dahmouni,445,Ain Bouchekif
14,Tiaret,03,Dahmouni,452,Dahmouni
14,Tiaret,04,Frenda,448,Ain El Hadid
14,Tiaret,04,Frenda,456,Frenda
14,Tiaret,04,Frenda,482,Takhemaret
14,Tiaret,05,Hamadia,450,Bougara
14,Tiaret,05,Hamadia,458,Hamadia
14,Tiaret,05,Hamadia,471,Rechaiga
14,Tiaret,06,Ksar Chellala,459,Ksar Chellala
14,Tiaret,06,Ksar Chellala,474,Serghine
14,Tiaret,06,Ksar Chellala,486,Zmalet El Emir Abdelkade
14,Tiaret,07,Mahdia,461,Mahdia
14,Tiaret,07,Mahdia,447,Ain Dzarit
14,Tiaret,07,Mahdia,472,Sebaine
14,Tiaret,07,Mahdia,467,Nadorah
14,Tiaret,08,Mechraa Sfa,454,Djillali Ben Amar
14,Tiaret,08,Mechraa Sfa,462,Mechraa Safa
14,Tiaret,08,Mechraa Sfa,481,Tagdempt
14,Tiaret,09,Medroussa,464,Medroussa
14,Tiaret,09,Medroussa,466,Mellakou
14,Tiaret,09,Medroussa,478,Sidi Bakhti
14,Tiaret,10,Meghila,465,Meghila
14,Tiaret,10,Meghila,473,Sebt
14,Tiaret,10,Meghila,479,Sidi Hosni
14,Tiaret,11,Oued Lili,469,Oued Lilli
14,Tiaret,11,Oued Lili,477,Sidi Ali Mellal
14,Tiaret,11,Oued Lili,484,Tidda
14,Tiaret,12,Rahouia,457,Guertoufa
14,Tiaret,12,Rahouia,470,Rahouia
14,Tiaret,13,Sougueur,455,Faidja
14,Tiaret,13,Sougueur,475,Si Abdelghani
14,Tiaret,13,Sougueur,480,Sougueur
14,Tiaret,13,Sougueur,485,Tousnina
14,Tiaret,14,Tiaret,483,Tiaret
15,Tizi Ouzou,01,Ain El Hammam,487,Abi-Youcef
15,Tizi Ouzou,01,Ain El Hammam,490,Ain-El-Hammam
15,Tizi Ouzou,01,Ain El Hammam,502,Ait-Yahia
15,Tizi Ouzou,01,Ain El Hammam,503,Akbil
15,Tizi Ouzou,02,Azazga,506,Azazga
15,Tizi Ouzou,02,Azazga,519,Freha
15,Tizi Ouzou,02,Azazga,524,Ifigha
15,Tizi Ouzou,02,Azazga,551,Yakourene
15,Tizi Ouzou,02,Azazga,553,Zekri
15,Tizi Ouzou,03,Azeffoun,488,Aghribs
15,Tizi Ouzou,03,Azeffoun,498,Ait-Chafaa
15,Tizi Ouzou,03,Azeffoun,504,Akerrou
15,Tizi Ouzou,03,Azeffoun,507,Azeffoun
15,Tizi Ouzou,04,Beni Douala,510,Beni-Douala
15,Tizi Ouzou,04,Beni Douala,509,Beni-Aissi
15,Tizi Ouzou,04,Beni Douala,499,Ait-Mahmoud
15,Tizi Ouzou,04,Beni Douala,508,Beni Zmenzer
15,Tizi Ouzou,05,Benni Yenni,511,Beni-Yenni
15,Tizi Ouzou,05,Benni Yenni,521,Iboudrarene
15,Tizi Ouzou,05,Benni Yenni,552,Yatafene
15,Tizi Ouzou,06,Boghni,505,Assi-Youcef
15,Tizi Ouzou,06,Boghni,513,Boghni
15,Tizi Ouzou,06,Boghni,515,Bounouh
15,Tizi Ouzou,06,Boghni,533,Mechtras
15,Tizi Ouzou,07,Bouzeguene,522,Idjeur
15,Tizi Ouzou,07,Bouzeguene,512,Beni-Zikki
15,Tizi Ouzou,07,Bouzeguene,527,Illoula Oumalou
15,Tizi Ouzou,07,Bouzeguene,516,Bouzeguene
15,Tizi Ouzou,08,Draa Ben Khedda,517,Draa-Ben-Khedda
15,Tizi Ouzou,08,Draa Ben Khedda,540,Sidi Namane
15,Tizi Ouzou,08,Draa Ben Khedda,543,Tadmait
15,Tizi Ouzou,08,Draa Ben Khedda,546,Tirmitine
15,Tizi Ouzou,09,Draa El Mizan,491,Ain-Zaouia
15,Tizi Ouzou,09,Draa El Mizan,496,Ait Yahia Moussa
15,Tizi Ouzou,09,Draa El Mizan,518,Draa-El-Mizan
15,Tizi Ouzou,09,Draa El Mizan,520,Frikat
15,Tizi Ouzou,10,Iferhounene,526,Illilten
15,Tizi Ouzou,10,Iferhounene,528,Imsouhal
15,Tizi Ouzou,10,Iferhounene,523,Iferhounene
15,Tizi Ouzou,11,Larbaa Nath Iraten,492,Ait Aggouacha
15,Tizi Ouzou,11,Larbaa Nath Iraten,529,Irdjen

15,Tizi Ouzou,11,Larbaa Nath Iraten,530,Larbaa Nath Irathen
15,Tizi Ouzou,12,Maatkas,531,Maatkas
15,Tizi Ouzou,12,Maatkas,542,Souk-El-Tenine
15,Tizi Ouzou,13,Makouda,514,Boudjima
15,Tizi Ouzou,13,Makouda,532,Makouda
15,Tizi Ouzou,14,Mekla,495,Ait Khellili
15,Tizi Ouzou,14,Mekla,534,Mekla
15,Tizi Ouzou,14,Mekla,541,Souama
15,Tizi Ouzou,15,Ouacif,494,Ait Boumahdi
15,Tizi Ouzou,15,Ouacif,501,Ait-Toudert
15,Tizi Ouzou,15,Ouacif,537,Ouacif
15,Tizi Ouzou,16,Ouadhias,489,Agouni-Gueghrane
15,Tizi Ouzou,16,Ouadhias,493,Ait Bouaddou
15,Tizi Ouzou,16,Ouadhias,538,Ouadhias
15,Tizi Ouzou,16,Ouadhias,547,Tizi N'tleta
15,Tizi Ouzou,17,Ouaguenoun,497,Ait-Aissa-Mimoun
15,Tizi Ouzou,17,Ouaguenoun,539,Ouaguenoun
15,Tizi Ouzou,17,Ouaguenoun,545,Timizart
15,Tizi Ouzou,18,Tigzirt,535,Mizrana
15,Tizi Ouzou,18,Tigzirt,525,Iflissen
15,Tizi Ouzou,18,Tigzirt,544,Tigzirt
15,Tizi Ouzou,19,Tizi Ouzou,549,Tizi-Ouzou
15,Tizi Ouzou,20,Tizi Rached,500,Ait-Oumalou
15,Tizi Ouzou,20,Tizi Rached,550,Tizi-Rached
15,Tizi Ouzou,21,Tizi-Ghenif,536,M'kira
15,Tizi Ouzou,21,Tizi-Ghenif,548,Tizi-Gheniff
16,Alger,01,Bab El Oued,567,Bologhine Ibnou Ziri
16,Alger,01,Bab El Oued,572,Casbah
16,Alger,01,Bab El Oued,596,Oued Koriche
16,Alger,01,Bab El Oued,601,Rais Hamidou
16,Alger,01,Bab El Oued,557,Bab El Oued
16,Alger,02,Baraki,592,Les Eucalyptus
16,Alger,02,Baraki,606,Sidi Moussa
16,Alger,02,Baraki,561,Baraki
16,Alger,03,Bir Mourad Rais,604,Sehaoula
16,Alger,03,Bir Mourad Rais,564,Bir Mourad Rais
16,Alger,03,Bir Mourad Rais,565,Birkhadem
16,Alger,03,Bir Mourad Rais,576,Djasr Kasentina
16,Alger,03,Bir Mourad Rais,589,Hydra
16,Alger,04,Birtouta,566,Bir Touta
16,Alger,04,Birtouta,598,Ouled Chebel
16,Alger,04,Birtouta,609,Tessala El Merdja
16,Alger,05,Bouzareah,562,Ben Aknoun
16,Alger,05,Bouzareah,563,Beni Messous
16,Alger,05,Bouzareah,571,Bouzareah
16,Alger,05,Bouzareah,580,El Biar
16,Alger,06,Cheraga,554,Ain Benian
16,Alger,06,Cheraga,573,Cheraga
16,Alger,06,Cheraga,575,Dely Ibrahim
16,Alger,06,Cheraga,586,Hammamet
16,Alger,06,Cheraga,599,Ouled Fayet
16,Alger,07,Dar El Beida,555,Ain Taya
16,Alger,07,Dar El Beida,558,Bab Ezzouar
16,Alger,07,Dar El Beida,569,Bordj El Kiffan
16,Alger,07,Dar El Beida,574,Dar El Beida
16,Alger,07,Dar El Beida,584,El Marsa
16,Alger,07,Dar El Beida,595,Mohammadia
16,Alger,07,Dar El Beida,568,Bordj El Bahri
16,Alger,08,Draria,559,Baba Hassen
16,Alger,08,Draria,577,Douira
16,Alger,08,Draria,578,Draria
16,Alger,08,Draria,579,El Achour
16,Alger,08,Draria,590,Khraissia
16,Alger,09,El Harrach,560,Bachedjerah
16,Alger,09,El Harrach,570,Bourouba
16,Alger,09,El Harrach,581,El Harrach
16,Alger,09,El Harrach,597,Oued Smar
16,Alger,10,Hussein Dey,588,Hussein Dey
16,Alger,10,Hussein Dey,591,Kouba
16,Alger,10,Hussein Dey,594,Mohamed Belouzdad
16,Alger,10,Hussein Dey,583,El Magharia
16,Alger,11,Rouiba,587,Herraoua
16,Alger,11,Rouiba,602,Reghaia
16,Alger,11,Rouiba,603,Rouiba
16,Alger,12,Sidi M'hamed,556,Alger Centre
16,Alger,12,Sidi M'hamed,582,El Madania
16,Alger,12,Sidi M'hamed,585,El Mouradia
16,Alger,12,Sidi M'hamed,605,Sidi M'hamed
16,Alger,13,Zeralda,593,Maalma
16,Alger,13,Zeralda,600,Rahmania
16,Alger,13,Zeralda,607,Souidania
16,Alger,13,Zeralda,608,Staoueli
16,Alger,13,Zeralda,610,Zeralda
17,Djelfa,01,Ain El Ibel,612,Ain El Ibel
17,Djelfa,01,Ain El Ibel,644,Taadmit
17,Djelfa,01,Ain El Ibel,646,Zaccar
17,Djelfa,01,Ain El Ibel,638,Moudjebara
17,Djelfa,02,Ain Oussera,630,Guernini
17,Djelfa,02,Ain Oussera,615,Ain Oussera
17,Djelfa,03,Birine,619,Birine
17,Djelfa,03,Birine,617,Benhar
17,Djelfa,04,Charef,626,El Guedid
17,Djelfa,04,Charef,621,Charef
17,Djelfa,04,Charef,618,Benyagoub
17,Djelfa,05,Dar Chioukh,642,Sidi Baizid
17,Djelfa,05,Dar Chioukh,637,M'liliha
17,Djelfa,05,Dar Chioukh,622,Dar Chioukh
17,Djelfa,06,Djelfa,624,Djelfa

17,Djelfa,07,El Idrissia,625,Douis
17,Djelfa,07,El Idrissia,627,El Idrissia
17,Djelfa,07,El Idrissia,611,Ain Chouhada
17,Djelfa,08,Faidh El Botma,639,Oum Laadham
17,Djelfa,08,Faidh El Botma,629,Faidh El Botma
17,Djelfa,08,Faidh El Botma,616,Amourah
17,Djelfa,09,Had Sahary,632,Had Sahary
17,Djelfa,09,Had Sahary,620,Bouira Lahdab
17,Djelfa,09,Had Sahary,613,Ain Fekka
17,Djelfa,10,Hassi Bahbah,634,Hassi El Euch
17,Djelfa,10,Hassi Bahbah,645,Zaafrane
17,Djelfa,10,Hassi Bahbah,614,Ain Maabed
17,Djelfa,10,Hassi Bahbah,633,Hassi Bahbah
17,Djelfa,11,Messaad,641,Selmana
17,Djelfa,11,Messaad,640,Sed Rahal
17,Djelfa,11,Messaad,636,Messaad
17,Djelfa,11,Messaad,631,Guettara
17,Djelfa,11,Messaad,623,Deldoul
17,Djelfa,12,Sidi Laadjel,643,Sidi Laadjel
17,Djelfa,12,Sidi Laadjel,635,Hassi Fedoul
17,Djelfa,12,Sidi Laadjel,628,El Khemis
18,Jijel,01,Chekfa,652,Chekfa
18,Jijel,01,Chekfa,657,El Kennar Nouchfi
18,Jijel,01,Chekfa,670,Sidi Abdelaziz
18,Jijel,01,Chekfa,647,Bordj T'har
18,Jijel,02,Djimla,654,Djimla
18,Jijel,02,Djimla,648,Boudria Beniyadjis
18,Jijel,03,El Ancer,649,Bouraoui Belhadef
18,Jijel,03,El Ancer,655,El Ancer
18,Jijel,03,El Ancer,664,Khiri Oued Adjoul
18,Jijel,03,El Ancer,653,Djemaa Beni Habibi
18,Jijel,04,El Aouana,656,El Aouana
18,Jijel,04,El Aouana,668,Selma Benziada
18,Jijel,05,El Milia,658,El Milia
18,Jijel,05,El Milia,667,Ouled Yahia Khadrouch
18,Jijel,06,Jijel,662,Jijel
18,Jijel,07,Settara,661,Ghebala
18,Jijel,07,Settara,669,Settara
18,Jijel,08,Sidi Marouf,666,Ouled Rabah
18,Jijel,08,Sidi Marouf,671,Sidi Marouf
18,Jijel,09,Taher,650,Boussif Ouled Askeur
18,Jijel,09,Taher,651,Chahna
18,Jijel,09,Taher,659,Emir Abdelkader
18,Jijel,09,Taher,665,Oudjana
18,Jijel,09,Taher,672,Taher
18,Jijel,10,Texenna,663,Kaous
18,Jijel,10,Texenna,673,Texenna
18,Jijel,11,Ziamah Mansouriah,660,Erraguene Souissi
18,Jijel,11,Ziamah Mansouriah,674,Ziama Mansouriah
19,Sétif,01,Ain Arnat,720,Mezloug
19,Sétif,01,Ain Arnat,707,El Ouricia
19,Sétif,01,Ain Arnat,675,Ain Abessa
19,Sétif,01,Ain Arnat,676,Ain Arnat
19,Sétif,02,Ain Azel,677,Ain Azel
19,Sétif,02,Ain Azel,679,Ain Lahdjar
19,Sétif,02,Ain Azel,689,Beidha Bordj
19,Sétif,02,Ain Azel,697,Bir Haddada
19,Sétif,03,Ain El Kebira,678,Ain El Kebira
19,Sétif,03,Ain El Kebira,703,Dehamcha
19,Sétif,03,Ain El Kebira,722,Ouled Addouane
19,Sétif,04,Ain Oulmene,709,Guellal
19,Sétif,04,Ain Oulmene,717,Kasr El Abtal
19,Sétif,04,Ain Oulmene,724,Ouled Si Ahmed
19,Sétif,04,Ain Oulmene,680,Ain Oulmene
19,Sétif,05,Amoucha,721,Oued El Bared
19,Sétif,05,Amoucha,734,Tizi N'bechar
19,Sétif,05,Amoucha,686,Amoucha
19,Sétif,06,Babor,728,Serdj-El-Ghoul
19,Sétif,06,Babor,687,Babor
19,Sétif,07,Beni Aziz,683,Ain-Sebt
19,Sétif,07,Beni Aziz,695,Beni-Aziz
19,Sétif,07,Beni Aziz,718,Maaouia
19,Sétif,08,Beni Ourtilane,681,Ain-Legradj
19,Sétif,08,Beni Ourtilane,691,Beni Chebana
19,Sétif,08,Beni Ourtilane,693,Beni Ourtilane
19,Sétif,08,Beni Ourtilane,696,Beni-Mouhli
19,Sétif,09,Bir El Arch,690,Bellaa
19,Sétif,09,Bir El Arch,698,Bir-El-Arch
19,Sétif,09,Bir El Arch,708,El-Ouldja
19,Sétif,09,Bir El Arch,730,Tachouda
19,Sétif,10,Bouandas,684,Ait Naoual Mezada
19,Sétif,10,Bouandas,685,Ait-Tizi
19,Sétif,10,Bouandas,699,Bouandas
19,Sétif,10,Bouandas,701,Bousselam
19,Sétif,11,Bougaa,682,Ain-Roua
19,Sétif,11,Bougaa,694,Beni Oussine
19,Sétif,11,Bougaa,700,Bougaa
19,Sétif,12,Djemila,692,Beni Fouda
19,Sétif,12,Djemila,704,Djemila
19,Sétif,13,El Eulma,688,Bazer-Sakra
19,Sétif,13,El Eulma,706,El Eulma
19,Sétif,13,El Eulma,710,Guelta Zerka
19,Sétif,14,Guenzet,711,Guenzet
19,Sétif,14,Guenzet,716,Harbil
19,Sétif,15,Guidjel,712,Guidjel
19,Sétif,15,Guidjel,723,Ouled Sabor
19,Sétif,16,Hammam Guergour,705,Draa-Kebila

19,Sétif,16,Hammam Guergour,705,Draa-Kebila
19,Sétif,16,Hammam Guergour,715,Hammam Guergour
19,Sétif,17,Hammam Sokhna,713,Hamam Soukhna
19,Sétif,17,Hammam Sokhna,732,Taya
19,Sétif,17,Hammam Sokhna,733,Tella
19,Sétif,18,Maoklane,731,Tala-Ifacene
19,Sétif,18,Maoklane,719,Maouaklane
19,Sétif,19,Salah Bey,726,Rosfa
19,Sétif,19,Salah Bey,702,Boutaleb
19,Sétif,19,Salah Bey,714,Hamma
19,Sétif,19,Salah Bey,725,Ouled Tebben
19,Sétif,19,Salah Bey,727,Salah Bey
19,Sétif,20,Setif,729,Setif
20,Saïda,01,Ain El Hadjar,746,Sidi Ahmed
20,Saïda,01,Ain El Hadjar,742,Moulay Larbi
20,Saïda,01,Ain El Hadjar,735,Ain El Hadjar
20,Saïda,02,El Hassasna,741,Maamora
20,Saïda,02,El Hassasna,739,El Hassasna
20,Saïda,02,El Hassasna,736,Ain Sekhouna
20,Saïda,03,Ouled Brahim,749,Tircine
20,Saïda,03,Ouled Brahim,743,Ouled Brahim
20,Saïda,03,Ouled Brahim,737,Ain Soltane
20,Saïda,04,Saida,745,Saida
20,Saïda,05,Sidi Boubekeur,748,Sidi Boubekeur
20,Saïda,05,Sidi Boubekeur,744,Ouled Khaled
20,Saïda,05,Sidi Boubekeur,740,Hounet
20,Saïda,05,Sidi Boubekeur,747,Sidi Amar
20,Saïda,06,Youb,750,Youb
20,Saïda,06,Youb,738,Doui Thabet
21,Skikda,01,Ain Kechra,753,Ain Kechra
21,Skikda,01,Ain Kechra,778,Ouldja Boulbalout
21,Skikda,02,Azzaba,767,El Ghedir
21,Skikda,02,Azzaba,771,Es Sebt
21,Skikda,02,Azzaba,752,Ain Charchar
21,Skikda,02,Azzaba,755,Azzaba
21,Skikda,02,Azzaba,765,Djendel Saadi Mohamed
21,Skikda,03,Ben Azzouz,769,El Marsa
21,Skikda,03,Ben Azzouz,757,Beni Azzouz
21,Skikda,03,Ben Azzouz,756,Bekkouche Lakhdar
21,Skikda,04,Collo,764,Collo
21,Skikda,04,Collo,763,Cheraia
21,Skikda,04,Collo,760,Beni Zid
21,Skikda,05,El Hadaiek,768,El Hadaiek
21,Skikda,05,El Hadaiek,762,Bouchetata
21,Skikda,05,El Hadaiek,754,Ain Zouit
21,Skikda,06,El Harrouch,783,Salah Bouchaour
21,Skikda,06,El Harrouch,787,Zerdezas
21,Skikda,06,El Harrouch,780,Ouled Habbaba
21,Skikda,06,El Harrouch,770,Emjez Edchich
21,Skikda,06,El Harrouch,766,El Arrouch
21,Skikda,07,Ouled Attia,779,Ouled Attia
21,Skikda,07,Ouled Attia,777,Oued Zhour
21,Skikda,07,Ouled Attia,776,Khenag Maoune
21,Skikda,08,Oum Toub,781,Oum Toub
21,Skikda,09,Ramdane Djamel,758,Beni Bechir
21,Skikda,09,Ramdane Djamel,782,Ramdane Djamel
21,Skikda,10,Sidi Mezghiche,751,Ain Bouziane
21,Skikda,10,Sidi Mezghiche,759,Beni Oulbane
21,Skikda,10,Sidi Mezghiche,784,Sidi Mezghiche
21,Skikda,11,Skikda,772,Filfila
21,Skikda,11,Skikda,773,Hammadi Krouma
21,Skikda,11,Skikda,785,Skikda
21,Skikda,12,Tamalous,761,Bin El Ouiden
21,Skikda,12,Tamalous,786,Tamalous
21,Skikda,12,Tamalous,775,Kerkara
21,Skikda,13,Zitouna,788,Zitouna
21,Skikda,13,Zitouna,774,Kanoua
22,Sidi Bel Abbès,01,Ain El Berd,825,Sidi Brahim
22,Sidi Bel Abbès,01,Ain El Berd,828,Sidi Hamadouche
22,Sidi Bel Abbès,01,Ain El Berd,808,Makedra
22,Sidi Bel Abbès,01,Ain El Berd,789,Ain El Berd
22,Sidi Bel Abbès,02,Ben Badis,806,Hassi Zahana
22,Sidi Bel Abbès,02,Ben Badis,802,Chetouane Belaila
22,Sidi Bel Abbès,02,Ben Badis,797,Ben Badis
22,Sidi Bel Abbès,02,Ben Badis,795,Bedrabine El Mokrani
22,Sidi Bel Abbès,03,Marhoum,826,Sidi Chaib
22,Sidi Bel Abbès,03,Marhoum,809,Marhoum
22,Sidi Bel Abbès,03,Marhoum,799,Bir El Hammam
22,Sidi Bel Abbès,04,Merine,817,Oued Taourira
22,Sidi Bel Abbès,04,Merine,811,Merine
22,Sidi Bel Abbès,04,Merine,834,Tefessour
22,Sidi Bel Abbès,04,Merine,833,Taoudmout
22,Sidi Bel Abbès,05,Mostefa  Ben Brahim,796,Belarbi
22,Sidi Bel Abbès,05,Mostefa  Ben Brahim,813,Mostefa  Ben Brahim
22,Sidi Bel Abbès,05,Mostefa  Ben Brahim,839,Tilmouni
22,Sidi Bel Abbès,05,Mostefa  Ben Brahim,840,Zerouala
22,Sidi Bel Abbès,06,Moulay Slissen,814,Moulay Slissen
22,Sidi Bel Abbès,06,Moulay Slissen,804,El Hacaiba
22,Sidi Bel Abbès,06,Moulay Slissen,792,Ain Tindamine
22,Sidi Bel Abbès,07,Ras El Ma,819,Redjem Demouche
22,Sidi Bel Abbès,07,Ras El Ma,818,Ras El Ma
22,Sidi Bel Abbès,07,Ras El Ma,815,Oued Sebaa
22,Sidi Bel Abbès,08,Sfisef,821,Sfisef
22,Sidi Bel Abbès,08,Sfisef,810,M'cid
22,Sidi Bel Abbès,08,Sfisef,800,Boudjebaa El Bordj
22,Sidi Bel Abbès,08,Sfisef,793,Ain- Adden
22,Sidi Bel Abbès,09,Sidi Ali Ben Youb,822,Sidi Ali Benyoub
22,Sidi Bel Abbès,09,Sidi Ali Ben Youb,832,Tabia
22,Sidi Bel Abbès,09,Sidi Ali Ben Youb,801,Boukhanefis
22,Sidi Bel Abbès,10,Sidi Ali Boussidi,790,Ain Kada

22,Sidi Bel Abbès,09,Sidi Ali Ben Youb,001,Boukhanefis
22,Sidi Bel Abbès,10,Sidi Ali Boussidi,090,Ain Kada
22,Sidi Bel Abbès,10,Sidi Ali Boussidi,007,Lamtar
22,Sidi Bel Abbès,10,Sidi Ali Boussidi,023,Sidi Ali Boussidi
22,Sidi Bel Abbès,10,Sidi Ali Boussidi,027,Sidi Dahou Zairs
22,Sidi Bel Abbès,11,Sidi Bel Abbes,024,Sidi Bel-Abbes
22,Sidi Bel Abbès,12,Sidi Lahcene,031,Sidi Yacoub
22,Sidi Bel Abbès,12,Sidi Lahcene,030,Sidi Lahcene
22,Sidi Bel Abbès,12,Sidi Lahcene,029,Sidi Khaled
22,Sidi Bel Abbès,12,Sidi Lahcene,094,Amarnas
22,Sidi Bel Abbès,13,Telagh,003,Dhaya
22,Sidi Bel Abbès,13,Telagh,012,Mezaourou
22,Sidi Bel Abbès,13,Telagh,035,Teghalimet
22,Sidi Bel Abbès,13,Telagh,036,Telagh
22,Sidi Bel Abbès,14,Tenira,037,Tenira
22,Sidi Bel Abbès,14,Tenira,016,Oued Sefioun
22,Sidi Bel Abbès,14,Tenira,005,Hassi Dahou
22,Sidi Bel Abbès,14,Tenira,098,Benachiba Chelia
22,Sidi Bel Abbès,15,Tessala,091,Ain Thrid
22,Sidi Bel Abbès,15,Tessala,020,Sehala Thaoura
22,Sidi Bel Abbès,15,Tessala,038,Tessala
23,Annaba,01,Ain El Berda,041,Ain El Berda
23,Annaba,01,Ain El Berda,045,Cheurfa
23,Annaba,01,Ain El Berda,047,El Eulma
23,Annaba,02,Annaba,042,Annaba
23,Annaba,02,Annaba,050,Seraidi
23,Annaba,03,Berrahal,043,Berrahal
23,Annaba,03,Berrahal,049,Oued El Aneb
23,Annaba,03,Berrahal,052,Treat
23,Annaba,04,Chetaibi,044,Chetaibi
23,Annaba,05,El Bouni,046,El Bouni
23,Annaba,06,El Hadjar,048,El Hadjar
23,Annaba,06,El Hadjar,051,Sidi Amar
24,Guelma,01,Ain Hessainia,077,Medjez Amar
24,Guelma,01,Ain Hessainia,079,Houari Boumedienne
24,Guelma,01,Ain Hessainia,083,Ras El Agba
24,Guelma,01,Ain Hessainia,085,Sellaoua Announa
24,Guelma,02,Ain Makhlouf,054,Ain Larbi
24,Guelma,02,Ain Makhlouf,055,Ain Makhlouf
24,Guelma,02,Ain Makhlouf,086,Tamlouka
24,Guelma,03,Bouchegouf,053,Ain Ben Beida
24,Guelma,03,Bouchegouf,065,Bouchegouf
24,Guelma,03,Bouchegouf,078,Medjez Sfa
24,Guelma,03,Bouchegouf,081,Oued Ferragha
24,Guelma,04,Guelaat Bousbaa,075,Nechmaya
24,Guelma,04,Guelaat Bousbaa,066,Boumahra Ahmed
24,Guelma,04,Guelaat Bousbaa,068,Djeballah Khemissi
24,Guelma,04,Guelaat Bousbaa,058,Belkheir
24,Guelma,04,Guelaat Bousbaa,060,Beni Mezline
24,Guelma,04,Guelaat Bousbaa,070,Guelaat Bou Sbaa
24,Guelma,05,Guelma,071,Guelma
24,Guelma,05,Guelma,059,Bendjarah
24,Guelma,06,Hammam Debagh,063,Bou Hamdane
24,Guelma,06,Hammam Debagh,072,Hammam Debagh
24,Guelma,06,Hammam Debagh,084,Roknia
24,Guelma,07,Hammam N'bails,067,Dahouara
24,Guelma,07,Hammam N'bails,073,Hammam N'bail
24,Guelma,07,Hammam N'bails,080,Oued Cheham
24,Guelma,08,Heliopolis,064,Bouati Mahmoud
24,Guelma,08,Heliopolis,069,El Fedjoudj
24,Guelma,08,Heliopolis,074,Heliopolis
24,Guelma,09,Khezaras,057,Ain Sandel
24,Guelma,09,Khezaras,062,Bou Hachana
24,Guelma,09,Khezaras,076,Khezaras
24,Guelma,10,Oued Zenati,061,Bordj Sabath
24,Guelma,10,Oued Zenati,082,Oued Zenati
24,Guelma,10,Oued Zenati,056,Ain Regada
25,Constantine,01,Ain Abid,087,Ain Abid
25,Constantine,01,Ain Abid,089,Ben Badis
25,Constantine,02,Constantine,091,Constantine
25,Constantine,03,El Khroub,088,Ain Smara
25,Constantine,03,El Khroub,093,El Khroub
25,Constantine,03,El Khroub,097,Ouled Rahmoun
25,Constantine,04,Hamma Bouziane,092,Didouche Mourad
25,Constantine,04,Hamma Bouziane,094,Hamma Bouziane
25,Constantine,05,Ibn Ziad,095,Ibn Ziad
25,Constantine,05,Ibn Ziad,096,Messaoud Boudjeriou
25,Constantine,06,Zighoud Youcef,090,Beni Hamidane
25,Constantine,06,Zighoud Youcef,098,Zighoud Youcef
26,Médéa,01,Ain Boucif,099,Ain Boucif
26,Médéa,01,Ain Boucif,025,El Ouinet
26,Médéa,01,Ain Boucif,027,Kef Lakhdar
26,Médéa,01,Ain Boucif,042,Ouled Emaaraf
26,Médéa,01,Ain Boucif,051,Sidi Demed
26,Médéa,02,Aziz,002,Aziz
26,Médéa,02,Aziz,017,Derrag
26,Médéa,02,Aziz,044,Oum El Djellil
26,Médéa,03,Beni Slimane,005,Beni Slimane
26,Médéa,03,Beni Slimane,013,Bouskene
26,Médéa,03,Beni Slimane,053,Sidi Rabie
26,Médéa,04,Berrouaghia,006,Berrouaghia
26,Médéa,04,Berrouaghia,041,Ouled Deid
26,Médéa,04,Berrouaghia,046,Rebaia
26,Médéa,05,Chahbounia,009,Bouaiche
26,Médéa,05,Chahbounia,012,Boughzoul
26,Médéa,05,Chahbounia,014,Chabounia
26,Médéa,06,Chellalat El Adhaoura,000,Ain Ouksir
26,Médéa,06,Chellalat El Adhaoura,015,Chelalet El Adhaoura
26,Médéa,06,Chellalat El Adhaoura,016,Cheniguel
26,Médéa,06,Chellalat El Adhaoura,058,Tafraout
26,Médéa,07,El Azizia,920,El Azizia
26,Médéa,07,El Azizia,930,Maghraoua
26,Médéa,07,El Azizia,935,Mihoub
26,Médéa,08,El Omaria,903,Baata
26,Médéa,08,El Omaria,924,El Omaria
26,Médéa,08,El Omaria,940,Ouled Brahim
26,Médéa,09,Guelb El Kebir,907,Bir Ben Laabed
26,Médéa,09,Guelb El Kebir,921,El Guelbelkebir
26,Médéa,09,Guelb El Kebir,948,Sedraya
26,Médéa,10,Ksar El Boukhari,929,Ksar El Boukhari
26,Médéa,10,Ksar El Boukhari,934,M'fatha
26,Médéa,10,Ksar El Boukhari,947,Saneg
26,Médéa,11,Medea,919,Draa Esmar
26,Médéa,11,Medea,931,Medea
26,Médéa,11,Medea,959,Tamesguida
26,Médéa,12,Ouamri,926,Hannacha
26,Médéa,12,Ouamri,936,Ouamri
26,Médéa,12,Ouamri,937,Oued Harbil
26,Médéa,13,Ouled Antar,943,Ouled Hellal
26,Médéa,13,Ouled Antar,908,Boghar
26,Médéa,13,Ouled Antar,938,Ouled Antar
26,Médéa,14,Ouzera,904,Ben Chicao
26,Médéa,14,Ouzera,922,El Hamdania
26,Médéa,14,Ouzera,945,Ouzera
26,Médéa,14,Ouzera,960,Tizi Mahdi
26,Médéa,15,Seghouane,932,Medjebar
26,Médéa,15,Seghouane,961,Tletat Ed Douair
26,Médéa,15,Seghouane,962,Zoubiria
26,Médéa,15,Seghouane,949,Seghouane
26,Médéa,16,Si Mahdjoub,910,Bouaichoune
26,Médéa,16,Si Mahdjoub,939,Ouled Bouachra
26,Médéa,16,Si Mahdjoub,950,Si Mahdjoub
26,Médéa,17,Sidi Naamane,911,Bouchrahil
26,Médéa,17,Sidi Naamane,928,Khams Djouamaa
26,Médéa,17,Sidi Naamane,952,Sidi Naamane
26,Médéa,18,Souaghi,956,Souagui
26,Médéa,18,Souaghi,918,Djouab
26,Médéa,18,Souaghi,954,Sidi Zahar
26,Médéa,18,Souaghi,955,Sidi Ziane
26,Médéa,19,Tablat,901,Aissaouia
26,Médéa,19,Tablat,923,El Haoudane
26,Médéa,19,Tablat,933,Mezerana
26,Médéa,19,Tablat,957,Tablat
27,Mostaganem,01,Achaacha,963,Achaacha
27,Mostaganem,01,Achaacha,974,Khadra
27,Mostaganem,01,Achaacha,980,Nekmaria
27,Mostaganem,01,Achaacha,982,Ouled Boughalem
27,Mostaganem,02,Ain Nouicy,970,Fornaka
27,Mostaganem,02,Ain Nouicy,973,Hassiane
27,Mostaganem,02,Ain Nouicy,965,Ain-Nouissy
27,Mostaganem,03,Ain Tedeles,981,Oued El Kheir
27,Mostaganem,03,Ain Tedeles,967,Ain-Tedles
27,Mostaganem,03,Ain Tedeles,987,Sidi Belaattar
27,Mostaganem,03,Ain Tedeles,991,Sour
27,Mostaganem,04,Bouguirat,969,Bouguirat
27,Mostaganem,04,Bouguirat,984,Safsaf
27,Mostaganem,04,Bouguirat,989,Sirat
27,Mostaganem,04,Bouguirat,990,Souaflia
27,Mostaganem,05,Hassi Mameche,972,Hassi Mameche
27,Mostaganem,05,Hassi Mameche,977,Mazagran
27,Mostaganem,05,Hassi Mameche,992,Stidia
27,Mostaganem,06,Kheir Eddine,964,Ain-Boudinar
27,Mostaganem,06,Kheir Eddine,975,Kheir-Eddine
27,Mostaganem,06,Kheir Eddine,985,Sayada
27,Mostaganem,07,Mesra,966,Ain-Sidi Cherif
27,Mostaganem,07,Mesra,976,Mansourah
27,Mostaganem,07,Mesra,978,Mesra
27,Mostaganem,07,Mesra,994,Touahria
27,Mostaganem,08,Mostaganem,979,Mostaganem
27,Mostaganem,09,Sidi Ali,986,Sidi Ali
27,Mostaganem,09,Sidi Ali,993,Tazgait
27,Mostaganem,09,Sidi Ali,983,Ouled-Maalah
27,Mostaganem,10,Sidi Lakhdar,968,Benabdelmalek Ramdane
27,Mostaganem,10,Sidi Lakhdar,971,Hadjadj
27,Mostaganem,10,Sidi Lakhdar,988,Sidi-Lakhdar
28,M'Sila,01,Ain El Hadjel,995,Ain El Hadjel
28,M'Sila,01,Ain El Hadjel,1035,Sidi Hadjeres
28,M'Sila,02,Ain El Melh,996,Ain El Melh
28,M'Sila,02,Ain El Melh,997,Ain Fares
28,M'Sila,02,Ain El Melh,999,Ain Rich
28,M'Sila,02,Ain El Melh,005,Bir Foda
28,M'Sila,02,Ain El Melh,036,Sidi M'hamed
28,M'Sila,03,Ben Srour,001,Ben Srour
28,M'Sila,03,Ben Srour,022,Mohamed Boudiaf
28,M'Sila,03,Ben Srour,031,Ouled Slimane
28,M'Sila,03,Ben Srour,041,Zarzour
28,M'Sila,04,Bousaada,006,Bou Saada
28,M'Sila,04,Bousaada,011,El Hamel
28,M'Sila,04,Bousaada,032,Oulteme
28,M'Sila,05,Chellal,008,Chellal
28,M'Sila,05,Chellal,028,Ouled Madhi
28,M'Sila,05,Chellal,014,Khettouti Sed-El-Jir
28,M'Sila,05,Chellal,017,Maarif
28,M'Sila,06,Djebel Messaad,010,Djebel Messaad
28,M'Sila,06,Djebel Messaad,037,Slim
28,M'Sila,07,Hammam Dalaa,013,Hammam Dalaa
28,M'Sila,07,Hammam Dalaa,025,Ouanougha

28,M'Sila,07,Hammam Dalaa,029,Ouled Mansour
28,M'Sila,07,Hammam Dalaa,040,Tarmount
28,M'Sila,08,Khoubana,012,El Houamed
28,M'Sila,08,Khoubana,015,Khoubana
28,M'Sila,08,Khoubana,019,M'cif
28,M'Sila,09,Magra,000,Belaiba
28,M'Sila,09,Magra,004,Berhoum
28,M'Sila,09,Magra,009,Dehahna
28,M'Sila,09,Magra,018,Magra
28,M'Sila,09,Magra,098,Ain Khadra
28,M'Sila,10,Medjedel,020,Medjedel
28,M'Sila,10,Medjedel,021,Menaa
28,M'Sila,11,M'sila,023,M'sila
28,M'Sila,12,Ouled Derradj,016,Maadid
28,M'Sila,12,Ouled Derradj,024,M'tarfa
28,M'Sila,12,Ouled Derradj,027,Ouled Derradj
28,M'Sila,12,Ouled Derradj,038,Souamaa
28,M'Sila,12,Ouled Derradj,026,Ouled Addi Guebala
28,M'Sila,13,Ouled Sidi Brahim,003,Benzouh
28,M'Sila,13,Ouled Sidi Brahim,030,Ouled Sidi Brahim
28,M'Sila,14,Sidi Aissa,002,Beni Ilmane
28,M'Sila,14,Sidi Aissa,007,Bouti Sayeh
28,M'Sila,14,Sidi Aissa,033,Sidi Aissa
28,M'Sila,15,Sidi Ameur,034,Sidi Ameur
28,M'Sila,15,Sidi Ameur,039,Tamsa
29,Mascara,01,Ain Fares,058,El Mamounia
29,Mascara,01,Ain Fares,042,Ain Fares
29,Mascara,02,Ain Fekan,045,Ain Frass
29,Mascara,02,Ain Fekan,043,Ain Fekan
29,Mascara,03,Aouf,062,Gharrous
29,Mascara,03,Aouf,048,Benian
29,Mascara,03,Aouf,047,Aouf
29,Mascara,04,Bouhanifia,055,El Gueitena
29,Mascara,04,Bouhanifia,050,Bouhanifia
29,Mascara,04,Bouhanifia,065,Hacine
29,Mascara,05,El Bordj,066,Khalouia
29,Mascara,05,El Bordj,059,El Menaouer
29,Mascara,05,El Bordj,052,El Bordj
29,Mascara,06,Ghriss,082,Sidi Boussaid
29,Mascara,06,Ghriss,070,Matemore
29,Mascara,06,Ghriss,067,Makhda
29,Mascara,06,Ghriss,063,Ghriss
29,Mascara,06,Ghriss,068,Maoussa
29,Mascara,07,Hachem,056,El Hachem
29,Mascara,07,Hachem,073,Nesmot
29,Mascara,07,Hachem,088,Zelamta
29,Mascara,08,Mascara,069,Mascara
29,Mascara,09,Mohammadia,081,Sidi Abdelmoumene
29,Mascara,09,Mohammadia,078,Sedjerara
29,Mascara,09,Mohammadia,072,Mohammadia
29,Mascara,09,Mohammadia,071,Mocta-Douz
29,Mascara,09,Mohammadia,060,Ferraguig
29,Mascara,09,Mohammadia,054,El Ghomri
29,Mascara,10,Oggaz,077,Ras El Ain Amirouche
29,Mascara,10,Oggaz,074,Oggaz
29,Mascara,10,Oggaz,046,Alaimia
29,Mascara,11,Oued El Abtal,075,Oued El Abtal
29,Mascara,11,Oued El Abtal,080,Sidi Abdeldjebar
29,Mascara,11,Oued El Abtal,044,Ain Ferah
29,Mascara,12,Oued Taria,064,Guerdjoum
29,Mascara,12,Oued Taria,076,Oued Taria
29,Mascara,13,Sig,084,Sig
29,Mascara,13,Sig,051,Chorfa
29,Mascara,13,Sig,049,Bou Henni
29,Mascara,14,Tighennif,085,Tighennif
29,Mascara,14,Tighennif,083,Sidi Kada
29,Mascara,14,Tighennif,079,Sehailia
29,Mascara,15,Tizi,057,El Keurt
29,Mascara,15,Tizi,061,Froha
29,Mascara,15,Tizi,086,Tizi
29,Mascara,16,Zahana,087,Zahana
29,Mascara,16,Zahana,053,El Gaada
30,Ouargla,01,El Borma,093,El Borma
30,Ouargla,02,Hassi Messaoud,096,Hassi Messaoud
30,Ouargla,03,N'goussa,100,N'goussa
30,Ouargla,04,Ouargla,101,Ouargla
30,Ouargla,04,Ouargla,102,Rouissat
30,Ouargla,05,Sidi Khouiled,089,Ain Beida
30,Ouargla,05,Sidi Khouiled,095,Hassi Ben Abdellah
30,Ouargla,05,Sidi Khouiled,103,Sidi Khouiled
31,Oran,01,Ain Turk,112,Ain Turk
31,Oran,01,Ain Turk,120,El Ancor
31,Oran,01,Ain Turk,129,Mers El Kebir
31,Oran,01,Ain Turk,118,Bousfer
31,Oran,02,Arzew,113,Arzew
31,Oran,02,Arzew,133,Sidi Ben Yebka
31,Oran,03,Bethioua,110,Ain Biya
31,Oran,03,Bethioua,115,Bethioua
31,Oran,03,Bethioua,128,Marsat El Hadjadj
31,Oran,04,Bir El Djir,116,Bir El Djir
31,Oran,04,Bir El Djir,125,Hassi Ben Okba
31,Oran,04,Bir El Djir,126,Hassi Bounif
31,Oran,05,Boutlelis,111,Ain Kerma
31,Oran,05,Boutlelis,119,Boutlelis
32,El Bayadh,01,Boualem,515,Sidi Slimane
32,El Bayadh,01,Boualem,324,Sidi Ameur
32,El Bayadh,01,Boualem,833,Boualem
32,El Bayadh,01,Boualem,477,Sidi Tiffour
32,El Bayadh,01,Boualem,688,Stitten
32,El Bayadh,02,Bougtoub,222,Bougtoub
32,El Bayadh,02,Bougtoub,442,El Kheiter
32,El Bayadh,02,Bougtoub,456,Tousmouline
32,El Bayadh,03,Boussemghoun,567,Boussemghoun
32,El Bayadh,04,Brezina,996,Krakda
32,El Bayadh,04,Brezina,735,Brezina
32,El Bayadh,04,Brezina,875,Ghassoul
32,El Bayadh,05,Chellala,983,El Mehara
32,El Bayadh,05,Chellala,789,Chellala
32,El Bayadh,06,El Bayadh,611,El Bayadh
32,El Bayadh,07,Labiodh Sidi Cheikh,366,Ain El Orak
32,El Bayadh,07,Labiodh Sidi Cheikh,875,El Bnoud
32,El Bayadh,07,Labiodh Sidi Cheikh,680,Labiodh Sidi Cheikh
32,El Bayadh,07,Labiodh Sidi Cheikh,434,Arbaouat
32,El Bayadh,08,Rogassa,992,Rogassa
32,El Bayadh,08,Rogassa,892,Kef El Ahmar
32,El Bayadh,08,Rogassa,636,Cheguig
33,Illizi,01,Illizi,888,Illizi
33,Illizi,02,In Amenas,977,Bordj Omar Driss
33,Illizi,02,In Amenas,581,Debdeb
33,Illizi,02,In Amenas,706,In Amenas
34,Bordj Bou Arreridj,01,Ain Taghrout,615,Ain Taghrout
34,Bordj Bou Arreridj,01,Ain Taghrout,320,Tixter
34,Bordj Bou Arreridj,02,Bir Kasdali,260,Sidi-Embarek
34,Bordj Bou Arreridj,02,Bir Kasdali,966,Khelil
34,Bordj Bou Arreridj,02,Bir Kasdali,124,Bir Kasdali
34,Bordj Bou Arreridj,03,Bordj Bou Arreridj,389,B. B. Arreridj
34,Bordj Bou Arreridj,04,Bordj Ghedir,401,Belimour
34,Bordj Bou Arreridj,04,Bordj Ghedir,609,El Annasseur
34,Bordj Bou Arreridj,04,Bordj Ghedir,821,Ghailasa
34,Bordj Bou Arreridj,04,Bordj Ghedir,427,Taglait
34,Bordj Bou Arreridj,04,Bordj Ghedir,665,Bordj Ghedir
34,Bordj Bou Arreridj,05,Bordj Zemmoura,786,Bordj Zemmoura
34,Bordj Bou Arreridj,05,Bordj Zemmoura,543,Ouled Dahmane
34,Bordj Bou Arreridj,05,Bordj Zemmoura,926,Tassamert
34,Bordj Bou Arreridj,06,Djaafra,975,Tefreg
34,Bordj Bou Arreridj,06,Djaafra,520,El Main
34,Bordj Bou Arreridj,06,Djaafra,318,Djaafra
34,Bordj Bou Arreridj,06,Djaafra,339,Colla
34,Bordj Bou Arreridj,07,El Hamadia,369,Elhammadia
34,Bordj Bou Arreridj,07,El Hamadia,525,El Euch
34,Bordj Bou Arreridj,07,El Hamadia,564,Ksour
34,Bordj Bou Arreridj,07,El Hamadia,975,Rabta
34,Bordj Bou Arreridj,08,Mansourah,655,Ouled Sidi-Brahim
34,Bordj Bou Arreridj,08,Mansourah,630,El M'hir
34,Bordj Bou Arreridj,08,Mansourah,480,Mansoura
34,Bordj Bou Arreridj,08,Mansourah,187,Haraza
34,Bordj Bou Arreridj,08,Mansourah,675,Ben Daoud
34,Bordj Bou Arreridj,09,Medjana,987,Teniet En Nasr
34,Bordj Bou Arreridj,09,Medjana,348,El Achir
34,Bordj Bou Arreridj,09,Medjana,594,Hasnaoua
34,Bordj Bou Arreridj,09,Medjana,452,Medjana
34,Bordj Bou Arreridj,10,Ras El Oued,136,Ain Tesra
34,Bordj Bou Arreridj,10,Ras El Oued,947,Ouled Brahem
34,Bordj Bou Arreridj,10,Ras El Oued,217,Ras El Oued
35,Boumerdès,01,Baghlia,995,Sidi Daoud
35,Boumerdès,01,Baghlia,102,Baghlia
35,Boumerdès,01,Baghlia,536,Taourga
35,Boumerdès,02,Bordj Menaiel,524,Zemmouri
35,Boumerdès,02,Bordj Menaiel,791,Leghata
35,Boumerdès,02,Bordj Menaiel,943,Djinet
35,Boumerdès,02,Bordj Menaiel,367,Bordj Menaiel
35,Boumerdès,03,Boudouaou,859,El Kharrouba
35,Boumerdès,03,Boudouaou,346,Bouzegza Keddara
35,Boumerdès,03,Boudouaou,177,Ouled Hedadj
35,Boumerdès,03,Boudouaou,773,Boudouaou
35,Boumerdès,03,Boudouaou,288,Boudouaou El Bahri
35,Boumerdès,04,Boumerdes,418,Tidjelabine
35,Boumerdès,04,Boumerdes,678,Boumerdes
35,Boumerdès,04,Boumerdes,260,Corso
35,Boumerdès,05,Dellys,539,Dellys
35,Boumerdès,05,Dellys,903,Ben Choud
35,Boumerdès,05,Dellys,418,Afir
35,Boumerdès,06,Isser,741,Timezrit
35,Boumerdès,06,Isser,567,Isser
35,Boumerdès,06,Isser,442,Chabet El Ameur
35,Boumerdès,06,Isser,122,Si Mustapha
35,Boumerdès,07,Khemis El Khechna,224,Larbatache
35,Boumerdès,08,Naciria,196,Ouled Aissa
35,Boumerdès,09,Thenia,343,Beni Amrane
36,El Tarf,01,Ben M'hidi,854,Berrihane
36,El Tarf,02,Besbes,671,Zerizer
36,El Tarf,03,Bouhadjar,503,Ain Kerma
36,El Tarf,04,Bouteldja,109,Bouteldja
36,El Tarf,05,Drean,279,Chebaita Mokhtar
36,El Tarf,06,El Kala,926,El Aioun
36,El Tarf,07,El Tarf,335,Bougous
37,Tindouf,08,Tindouf,458,Tindouf
38,Tissemsilt,01,Ammari,120,Sidi Abed
38,Tissemsilt,02,Bordj Bounaama,249,Beni Chaib
38,Tissemsilt,03,Bordj Emir Abdelkader,362,Youssoufia
38,Tissemsilt,04,Khemisti,182,Khemisti
38,Tissemsilt,05,Lardjem,413,Sidi Lantri
38,Tissemsilt,06,Lazharia,261,Boucaid
38,Tissemsilt,07,Theniet El Had,594,Theniet El Had
38,Tissemsilt,08,Tissemsilt,719,Ouled Bessam
39,El Oued,01,Bayadha,589,Bayadha
39,El Oued,02,Debila,836,Debila
39,El Oued,03,El Oued,347,El-Oued
39,El Oued,04,Guemar,691,Guemar
39,El Oued,05,Hassi Khalifa,704,Hassi Khalifa
39,El Oued,06,Magrane,874,Magrane
39,El Oued,07,Mih Ouensa,241,Mih Ouansa
39,El Oued,08,Reguiba,468,Hamraia
39,El Oued,09,Robbah,592,El Ogla
39,El Oued,10,Taleb Larbi,681,Douar El Maa
39,El Oued,10,Taleb Larbi,679,Ben Guecha
39,El Oued,10,Taleb Larbi,951,Taleb Larbi
40,Khenchela,01,Ain Touila,512,Ain Touila
40,Khenchela,02,Babar,896,Babar
40,Khenchela,03,Bouhmama,458,Yabous
40,Khenchela,04,Chechar,124,Khirane
40,Khenchela,05,El Hamma,768,Baghai
40,Khenchela,06,Kais,637,Kais
40,Khenchela,06,Kais,839,Kais
40,Khenchela,06,Kais,321,Remila
40,Khenchela,06,Kais,249,Taouzianat
40,Khenchela,07,Khenchela,167,Khenchela
40,Khenchela,08,Ouled Rechache,975,El Mahmal
40,Khenchela,08,Ouled Rechache,524,Ouled Rechache
41,Souk Ahras,01,Bir Bouhouche,123,Bir Bouhouche
41,Souk Ahras,01,Bir Bouhouche,765,Safel El Ouiden
41,Souk Ahras,01,Bir Bouhouche,981,Zouabi
41,Souk Ahras,02,Haddada,623,Haddada
41,Souk Ahras,02,Haddada,739,Khedara
41,Souk Ahras,02,Haddada,512,Ouled Moumen
41,Souk Ahras,03,M'daourouche,662,Tiffech
41,Souk Ahras,03,M'daourouche,446,Ragouba
41,Souk Ahras,03,M'daourouche,821,M'daourouche
41,Souk Ahras,04,Mechroha,873,Hanencha
41,Souk Ahras,04,Mechroha,574,Machroha
41,Souk Ahras,05,Merahna,245,Merahna
41,Souk Ahras,05,Merahna,864,Ouillen
41,Souk Ahras,05,Merahna,432,Sidi Fredj
41,Souk Ahras,06,Ouled Driss,332,Ain Zana
41,Souk Ahras,06,Ouled Driss,467,Ouled Driss
41,Souk Ahras,07,Oum El Adhaim,712,Terraguelt
41,Souk Ahras,07,Oum El Adhaim,631,Oum El Adhaim
41,Souk Ahras,07,Oum El Adhaim,548,Oued Kebrit
41,Souk Ahras,08,Sedrata,648,Ain Soltane
41,Souk Ahras,08,Sedrata,542,Sedrata
41,Souk Ahras,08,Sedrata,957,Khemissa
41,Souk Ahras,09,Souk Ahras,416,Souk Ahras
41,Souk Ahras,10,Taoura,874,Drea
41,Souk Ahras,10,Taoura,643,Taoura
41,Souk Ahras,10,Taoura,521,Zaarouria
42,Tipaza,01,Ahmar El Ain,789,Ahmer El Ain
42,Tipaza,01,Ahmar El Ain,677,Bourkika
42,Tipaza,01,Ahmar El Ain,354,Sidi Rached
42,Tipaza,02,Bou Ismail,875,Ain Tagourait
42,Tipaza,02,Bou Ismail,243,Bou Haroun
42,Tipaza,02,Bou Ismail,632,Bou Ismail
42,Tipaza,02,Bou Ismail,421,Khemisti
42,Tipaza,03,Cherchell,971,Cherchell
42,Tipaza,03,Cherchell,229,Hadjret Ennous
42,Tipaza,03,Cherchell,608,Sidi Ghiles
42,Tipaza,03,Cherchell,126,Sidi Semiane
42,Tipaza,04,Damous,784,Damous
42,Tipaza,04,Damous,263,Larhat
42,Tipaza,04,Damous,579,Beni Mileuk
42,Tipaza,05,Fouka,899,Fouka
42,Tipaza,05,Fouka,426,Douaouda
42,Tipaza,06,Gouraya,155,Aghbal
42,Tipaza,06,Gouraya,398,Gouraya
42,Tipaza,06,Gouraya,500,Messelmoun
42,Tipaza,07,Hadjout,617,Hadjout
42,Tipaza,07,Hadjout,535,Merad
42,Tipaza,08,Kolea,968,Attatba
42,Tipaza,08,Kolea,376,Chaiba
42,Tipaza,08,Kolea,729,Kolea
42,Tipaza,09,Sidi Amar,496,Menaceur
42,Tipaza,09,Sidi Amar,734,Nador
42,Tipaza,09,Sidi Amar,625,Sidi-Amar
42,Tipaza,10,Tipaza,590,Tipaza
43,Mila,01,Ain Beida Harriche,863,El Ayadi Barbes
43,Mila,01,Ain Beida Harriche,586,Ain Beida Harriche
43,Mila,02,Bouhatem,723,Derrahi Bousselah
43,Mila,02,Bouhatem,348,Bouhatem
43,Mila,03,Chelghoum Laid,719,Ain Mellouk
43,Mila,03,Chelghoum Laid,791,Oued Athmenia
43,Mila,03,Chelghoum Laid,653,Chelghoum Laid
43,Mila,04,Ferdjioua,935,Yahia Beniguecha
43,Mila,04,Ferdjioua,178,Ferdjioua
43,Mila,05,Grarem Gouga,452,Hamala
43,Mila,05,Grarem Gouga,269,Grarem Gouga
43,Mila,06,Mila,674,Ain Tine
43,Mila,06,Mila,824,Sidi Khelifa
43,Mila,06,Mila,319,Mila
43,Mila,07,Oued Endja,159,Zeghaia
43,Mila,07,Oued Endja,349,Oued Endja
43,Mila,07,Oued Endja,661,Ahmed Rachedi
43,Mila,08,Rouached,497,Tiberguent
43,Mila,08,Rouached,577,Rouached
43,Mila,09,Sidi Merouane,262,Sidi Merouane
43,Mila,09,Sidi Merouane,927,Chigara
43,Mila,10,Tadjenanet,215,Tadjenanet
43,Mila,10,Tadjenanet,490,Ouled Khalouf
43,Mila,10,Tadjenanet,946,Benyahia Abderrahmane
43,Mila,11,Tassadane Haddada,100,Tassadane Haddada
43,Mila,11,Tassadane Haddada,614,Minar Zarza
43,Mila,12,Teleghma,457,El Mechira
43,Mila,12,Teleghma,588,Teleghma
43,Mila,12,Teleghma,890,Oued Seguen
43,Mila,13,Terrai Bainen,219,Tassala Lematai
43,Mila,13,Terrai Bainen,787,Terrai Bainen
43,Mila,13,Terrai Bainen,356,Amira Arres
44,Aïn Defla,01,Ain Defla,651,Ain-Defla
44,Aïn Defla,02,Ain Lechiakh,522,Ain-Lechiakh
44,Aïn Defla,02,Ain Lechiakh,383,Ain-Soltane
44,Aïn Defla,02,Ain Lechiakh,844,Oued Djemaa
44,Aïn Defla,03,Bathia,493,Bathia
44,Aïn Defla,03,Bathia,785,Belaas
44,Aïn Defla,03,Bathia,653,Hassania
44,Aïn Defla,04,Bordj El Emir Khaled,916,Bir-Ould-Khelifa
44,Aïn Defla,04,Bordj El Emir Khaled,689,Bordj-Emir-Khaled
44,Aïn Defla,04,Bordj El Emir Khaled,444,Tarik-Ibn-Ziad
44,Aïn Defla,05,Boumedfaa,776,Hoceinia
44,Aïn Defla,05,Boumedfaa,479,Boumedfaa
44,Aïn Defla,06,Djelida,692,Bourached
44,Aïn Defla,06,Djelida,878,Djelida
44,Aïn Defla,06,Djelida,231,Djemaa Ouled Cheikh
44,Aïn Defla,07,Djendel,575,Birbouche
44,Aïn Defla,07,Djendel,783,Djendel
44,Aïn Defla,07,Djendel,315,Oued Chorfa
44,Aïn Defla,08,El Abadia,476,Ain-Bouyahia
44,Aïn Defla,08,El Abadia,991,El-Abadia
44,Aïn Defla,08,El Abadia,156,Tacheta Zegagha
44,Aïn Defla,09,El Amra,899,Arib
44,Aïn Defla,09,El Amra,527,El-Amra
44,Aïn Defla,09,El Amra,102,Mekhatria
44,Aïn Defla,10,El Attaf,119,El-Attaf
44,Aïn Defla,10,El Attaf,309,Tiberkanine
44,Aïn Defla,11,Hammam Righa,598,Ain-Benian
44,Aïn Defla,11,Hammam Righa,953,Ain-Torki
44,Aïn Defla,11,Hammam Righa,709,Hammam-Righa
44,Aïn Defla,12,Khemis,458,Khemis-Miliana
44,Aïn Defla,12,Khemis,215,Sidi-Lakhdar
44,Aïn Defla,13,Miliana,425,Ben Allal
44,Aïn Defla,13,Miliana,442,Miliana
44,Aïn Defla,14,Rouina,436,El-Maine
44,Aïn Defla,14,Rouina,445,Rouina
44,Aïn Defla,14,Rouina,450,Zeddine
45,Naâma,01,Ain Sefra,462,Tiout
45,Naâma,01,Ain Sefra,452,Ain Sefra
45,Naâma,02,Asla,453,Asla
45,Naâma,03,Mecheria,458,Mecheria
45,Naâma,03,Mecheria,455,El Biodh
45,Naâma,03,Mecheria,451,Ain Ben Khelil
45,Naâma,04,Mekmen Ben Amar,456,Kasdir
45,Naâma,04,Mekmen Ben Amar,457,Makmen Ben Amar
45,Naâma,05,Moghrar,459,Moghrar
45,Naâma,05,Moghrar,454,Djenienne Bourezg
45,Naâma,06,Naama,460,Naama
45,Naâma,07,Sfissifa,461,Sfissifa
46,Aïn Témouchent,01,Ain Kihel,463,Aghlal
46,Aïn Témouchent,01,Ain Kihel,465,Ain Kihal
46,Aïn Témouchent,01,Ain Kihel,467,Ain Tolba
46,Aïn Témouchent,01,Ain Kihel,468,Aoubellil
46,Aïn Témouchent,01,Ain Larbaa,486,Sidi Boumediene
46,Aïn Témouchent,01,Ain Larbaa,489,Tamzoura
46,Aïn Témouchent,01,Ain Larbaa,481,Oued Sebbah
46,Aïn Témouchent,01,Ain Larbaa,464,Ain El Arbaa
46,Aïn Témouchent,02,Ain Temouchent,485,Sidi Ben Adda
46,Aïn Témouchent,02,Ain Temouchent,466,Ain Temouchent
46,Aïn Témouchent,03,Beni Saf,469,Beni Saf
46,Aïn Témouchent,03,Beni Saf,476,Emir Abdelkader
46,Aïn Témouchent,03,Beni Saf,488,Sidi Safi
46,Aïn Témouchent,04,El Amria,473,El Amria
46,Aïn Témouchent,04,El Amria,479,Hassi El Ghella
46,Aïn Témouchent,04,El Amria,482,Ouled Boudjemaa
46,Aïn Témouchent,04,El Amria,475,El Messaid
46,Aïn Témouchent,04,El Amria,470,Bouzedjar
46,Aïn Témouchent,05,El Maleh,471,Chaabat El Ham
46,Aïn Témouchent,05,El Maleh,474,El Maleh
46,Aïn Témouchent,05,El Maleh,483,Ouled Kihal
46,Aïn Témouchent,05,El Maleh,490,Terga
46,Aïn Témouchent,06,Hammam Bou Hadjar,472,Chentouf
46,Aïn Témouchent,06,Hammam Bou Hadjar,478,Hassasna
46,Aïn Témouchent,06,Hammam Bou Hadjar,480,Oued Berkeche
46,Aïn Témouchent,06,Hammam Bou Hadjar,477,Hammam Bou Hadjar
46,Aïn Témouchent,07,Oulhassa Gheraba,484,Oulhaca El Gheraba
46,Aïn Témouchent,07,Oulhassa Gheraba,487,Sidi Ouriache
47,Ghardaïa,01,Berriane,491,Berriane
47,Ghardaïa,02,Bounoura,494,El Atteuf
47,Ghardaïa,02,Bounoura,492,Bounoura
47,Ghardaïa,03,Dhayet Ben Dhahoua,493,Dhayet Bendhahoua
47,Ghardaïa,04,El Guerrara,497,El Guerrara
47,Ghardaïa,05,Ghardaia,496,Ghardaia
47,Ghardaïa,06,Mansourah,500,Mansoura
47,Ghardaïa,07,Metlili,502,Sebseb
47,Ghardaïa,07,Metlili,501,Metlili
47,Ghardaïa,08,Zelfana,503,Zelfana
48,Relizane,01,Ain Tarek,505,Ain-Tarek
48,Relizane,01,Ain Tarek,518,Had Echkalla
48,Relizane,02,Ammi Moussa,530,Ouled Aiche
48,Relizane,02,Ammi Moussa,515,El Ouldja
48,Relizane,02,Ammi Moussa,506,Ammi Moussa
48,Relizane,02,Ammi Moussa,513,El Hassi
48,Relizane,03,Djidiouia,512,Djidiouia
48,Relizane,03,Djidiouia,519,Hamri
48,Relizane,03,Djidiouia,531,Ouled Sidi Mihoub
48,Relizane,04,El H'madna,527,Oued El Djemaa
48,Relizane,04,El H'madna,514,El H'madna
48,Relizane,05,El Matmar,507,Belaassel Bouzagza
48,Relizane,05,El Matmar,517,El-Matmar
48,Relizane,05,El Matmar,534,Sidi Khettab
48,Relizane,05,El Matmar,537,Sidi M'hamed Benaouda
48,Relizane,06,Mazouna,516,El-Guettar
48,Relizane,06,Mazouna,522,Mazouna
48,Relizane,07,Mendes,524,Mendes
48,Relizane,07,Mendes,528,Oued Essalem
48,Relizane,07,Mendes,535,Sidi Lazreg
48,Relizane,08,Oued Rhiou,526,Ouarizane
48,Relizane,08,Oued Rhiou,525,Merdja Sidi Abed
48,Relizane,08,Oued Rhiou,529,Oued-Rhiou
48,Relizane,08,Oued Rhiou,521,Lahlef
48,Relizane,09,Ramka,539,Souk El Had
48,Relizane,09,Ramka,532,Ramka
48,Relizane,10,Relizane,508,Bendaoud
48,Relizane,10,Relizane,533,Relizane
48,Relizane,11,Sidi M'hamed Ben Ali,536,Sidi M'hamed Benali
48,Relizane,11,Sidi M'hamed Ben Ali,523,Mediouna
48,Relizane,11,Sidi M'hamed Ben Ali,510,Beni Zentis
48,Relizane,12,Yellel,504,Ain Rahma
48,Relizane,12,Yellel,520,Kalaa
48,Relizane,12,Yellel,538,Sidi Saada
48,Relizane,12,Yellel,540,Yellel
48,Relizane,13,Zemmoura,509,Beni Dergoun
48,Relizane,13,Zemmoura,511,Dar Ben Abdelah
48,Relizane,13,Zemmoura,541,Zemmoura
49,Timimoun,01,Aougrout,012,Metarfa
49,Timimoun,01,Aougrout,003,Aougrout
49,Timimoun,01,Aougrout,008,Deldoul
49,Timimoun,02,Charouine,019,Talmine
49,Timimoun,02,Charouine,014,Ouled Aissa
49,Timimoun,02,Charouine,007,Charouine
49,Timimoun,03,Timimoun,024,Timimoun
49,Timimoun,03,Timimoun,015,Ouled Said
49,Timimoun,04,Tinerkouk,025,Tinerkouk
49,Timimoun,04,Tinerkouk,011,Ksar Kaddour
50,Bordj Badji Mokhtar,01,Bordj Badji Mokhtar,023,Timiaouine
50,Bordj Badji Mokhtar,01,Bordj Badji Mokhtar,005,Bordj Badji Mokhtar
51,Ouled Djellal,01,Ouled Djellal,240,Doucen
51,Ouled Djellal,01,Ouled Djellal,237,Chaiba
51,Ouled Djellal,01,Ouled Djellal,255,Ouled Djellal
51,Ouled Djellal,02,Sidi Khaled,258,Ras El Miad
51,Ouled Djellal,02,Sidi Khaled,232,Besbes
51,Ouled Djellal,02,Sidi Khaled,259,Sidi Khaled
52,Béni Abbès,01,Beni Abbes,265,Beni-Abbes
52,Béni Abbès,01,Beni Abbes,282,Tamtert
52,Béni Abbès,02,El Ouata,269,El Ouata
52,Béni Abbès,03,Igli,271,Igli
52,Béni Abbès,04,Kerzaz,273,Kerzaz
52,Béni Abbès,4,Kerzaz,283,Timoudi
52,Béni Abbès,4,Kerzaz,266,Beni-Ikhlef
52,Béni Abbès,5,Ouled Khodeir,279,Ouled-Khodeir
52,Béni Abbès,5,Ouled Khodeir,274,Ksabi
53,In Salah,01,In Ghar,498,Inghar
53,In Salah,02,In Salah,498,Ain Salah
53,In Salah,02,In Salah,498,Foggaret Ezzoua
54,In Guezzam,01,Tin Zouatine,498,Tin Zouatine
54,In Guezzam,02,In Guezzam,498,Ain Guezzam
55,Touggourt,01,El-Hadjira,498,El Alia
55,Touggourt,01,El-Hadjira,498,El-Hadjira
55,Touggourt,02,Megarine,498,Sidi Slimane
55,Touggourt,02,Megarine,498,Megarine
55,Touggourt,03,Taibet,498,Taibet
55,Touggourt,03,Taibet,498,Benaceur
55,Touggourt,03,Taibet,498,M'naguer
55,Touggourt,04,Temacine,498,Temacine
55,Touggourt,04,Temacine,498,Blidet Amor
55,Touggourt,05,Touggourt,498,Nezla
55,Touggourt,05,Touggourt,498,Tebesbest
55,Touggourt,05,Touggourt,498,Touggourt
55,Touggourt,05,Touggourt,498,Zaouia El Abidia
56,Djanet,01,Djanet,498,Djanet
56,Djanet,01,Djanet,498,Bordj El Haouass
57,El Meghaier,01,Djamaa,498,Sidi Amrane
57,El Meghaier,01,Djamaa,498,M'rara
57,El Meghaier,01,Djamaa,498,Djamaa
57,El Meghaier,01,Djamaa,498,Tenedla
57,El Meghaier,02,El Meghaier,498,Oum Touyour
57,El Meghaier,02,El Meghaier,498,El-M'ghaier
57,El Meghaier,02,El Meghaier,498,Still
57,El Meghaier,02,El Meghaier,498,Sidi Khelil
58,El Menia,01,El Menia,498,El Meniaa
58,El Menia,01,El Menia,498,Hassi Gara
58,El Menia,02,Mansourah,498,Hassi Fehal
