01,Adrar,01,Adrar,006,Bouda,
01,Adrar,01,Adrar,001,Adrar,
01,Adrar,02,Aoulef,002,Akabli,
01,Adrar,02,Aoulef,004,Aoulef,
01,Adrar,03,Fenoughil,009,Fenoughil,
01,Adrar,03,Fenoughil,021,Tamest,
01,Adrar,04,Reggane,016,Reggane,
01,Adrar,04,Reggane,017,Sali,
01,Adrar,05,Tsabit,027,Tsabit,
01,Adrar,06,Zaouiat_Kounta,028,Zaouiet_Kounta,
02,Chlef,01,Abou_El_Hassane,060,Talassa,
02,Chlef,01,Abou_El_Hassane,059,Tadjena,
02,Chlef,02,Ain_Merane,030,Ain_Merane,
02,Chlef,02,Ain_Merane,045,Herenfa,
02,Chlef,03,Beni_Haoua,037,Breira,
02,Chlef,03,Beni_Haoua,033,Beni_Haoua,
02,Chlef,04,Boukadir,035,Boukadir,
02,Chlef,04,Boukadir,050,Oued_Sly,
02,Chlef,05,Chlef,039,Chlef,
02,Chlef,05,Chlef,054,Oum_Drou,
02,Chlef,06,El_Karimia,032,Beni__Bouattab,
02,Chlef,06,El_Karimia,042,El_Karimia,
02,Chlef,07,El_Marsa,043,El_Marsa,
02,Chlef,07,El_Marsa,047,Moussadek,
02,Chlef,08,Oued_Fodda,051,Ouled_Abbes,
02,Chlef,08,Oued_Fodda,048,Oued_Fodda,
02,Chlef,09,Ouled_Ben_Abdelkader,041,El_Hadjadj,
02,Chlef,09,Ouled_Ben_Abdelkader,052,Ouled_Ben_Abdelkader,
02,Chlef,10,Ouled_Fares,038,Chettia,
02,Chlef,10,Ouled_Fares,053,Ouled_Fares,
02,Chlef,11,Taougrit,061,Taougrit,
02,Chlef,11,Taougrit,040,Dahra,
02,Chlef,12,Tenes,057,Sidi_Akkacha,
02,Chlef,12,Tenes,062,Tenes,
02,Chlef,13,Zeboudja,063,Zeboudja,
02,Chlef,13,Zeboudja,036,Bouzeghaia,
03,Laghouat,01,Aflou,083,Sidi_Bouzid,
03,Laghouat,01,Aflou,064,Aflou,
03,Laghouat,02,Ain_Madhi,085,Tadjemout,
03,Laghouat,02,Ain_Madhi,065,Ain_Madhi,
03,Laghouat,03,Brida,069,Brida,
03,Laghouat,03,Brida,074,Hadj_Mechri,
03,Laghouat,04,El_Ghicha,071,El_Ghicha,
03,Laghouat,05,Gueltat_Sidi_Saad,067,El_Beidha,
03,Laghouat,05,Gueltat_Sidi_Saad,073,Gueltat_Sidi_Saad,
03,Laghouat,06,Hassi_R'mel,075,Hassi_Delaa,
03,Laghouat,06,Hassi_R'mel,076,Hassi_R'mel,
03,Laghouat,07,Ksar_El_Hirane,078,Ksar_El_Hirane,
03,Laghouat,07,Ksar_El_Hirane,068,Benacer_Benchohra,
03,Laghouat,08,Laghouat,079,Laghouat,
03,Laghouat,09,Oued_Morra,080,Oued_Morra,
03,Laghouat,09,Oued_Morra,081,Oued_M'zi,
03,Laghouat,10,Sidi_Makhlouf,070,El_Assafia,
03,Laghouat,10,Sidi_Makhlouf,084,Sidi_Makhlouf,
04,Oum_El_Bouaghi,01,Ain_Babouche,088,Ain_Babouche,
04,Oum_El_Bouaghi,01,Ain_Babouche,090,Ain_Diss,
04,Oum_El_Bouaghi,02,Ain_Beida,089,Ain_Beida,
04,Oum_El_Bouaghi,02,Ain_Beida,096,Berriche,
04,Oum_El_Bouaghi,03,Ain_Fekroun,102,El_Fedjoudj_Boughrara_Sa,
04,Oum_El_Bouaghi,03,Ain_Fekroun,091,Ain_Fekroun,
04,Oum_El_Bouaghi,04,Ain_Kercha,092,Ain_Kercha,
04,Oum_El_Bouaghi,04,Ain_Kercha,103,El_Harmilia,
04,Oum_El_Bouaghi,05,Ain_M'lila,093,Ain_M'lila,
04,Oum_El_Bouaghi,05,Ain_M'lila,109,Ouled_Gacem,
04,Oum_El_Bouaghi,06,Dhalaa,098,Dhalaa,
04,Oum_El_Bouaghi,06,Dhalaa,101,El_Djazia,
04,Oum_El_Bouaghi,07,F'kirina,104,Fkirina,
04,Oum_El_Bouaghi,07,F'kirina,108,Oued_Nini,
04,Oum_El_Bouaghi,08,Ksar_Sbahi,106,Ksar_Sbahi,
04,Oum_El_Bouaghi,09,Meskiana,107,Meskiana,
04,Oum_El_Bouaghi,09,Meskiana,100,El_Belala,
04,Oum_El_Bouaghi,10,Oum_El_Bouaghi,112,Oum_El_Bouaghi,
04,Oum_El_Bouaghi,10,Oum_El_Bouaghi,094,Ain_Zitounm,
04,Oum_El_Bouaghi,11,Sigus,099,El_Amiria,
04,Oum_El_Bouaghi,11,Sigus,114,Sigus,
04,Oum_El_Bouaghi,12,Souk_Naamane,115,Souk_Naamane,
04,Oum_El_Bouaghi,12,Souk_Naamane,111,Ouled_Zouai,
05,Batna,01,Ain_Djasser,117,Ain_Djasser,
05,Batna,01,Ain_Djasser,134,El_Hassi,
05,Batna,02,Ain_Touta,150,Maafa,
05,Batna,02,Ain_Touta,118,Ain_Touta,
05,Batna,03,Arris,120,Arris,
05,Batna,03,Arris,173,Tighanimine,
05,Batna,04,Barika,122,Barika,
05,Batna,04,Barika,125,Bitam,
05,Batna,05,Batna,123,Batna,
05,Batna,05,Batna,136,Fesdis,
05,Batna,06,Bouzina,129,Bouzina,
05,Batna,06,Bouzina,146,Larbaa,
05,Batna,07,Chemora,126,Boulhilat,
05,Batna,07,Chemora,130,Chemora,
05,Batna,08,Djezzar,121,Azil_Abedelkader,
05,Batna,08,Djezzar,133,Djezzar,
05,Batna,09,El_Madher,119,Ain_Yagout,
05,Batna,09,El_Madher,128,Boumia,
05,Batna,10,Ichemoul,137,Foum_Toub,
05,Batna,10,Ichemoul,142,Ichemoul,
05,Batna,11,Menaa,151,Menaa,
05,Batna,11,Menaa,174,Tigharghar,
05,Batna,12,Merouana,141,Hidoussa,
05,Batna,12,Merouana,152,Merouana,
05,Batna,13,N'gaous,153,N_Gaous,
05,Batna,13,N'gaous,165,Sefiane,
05,Batna,14,Ouled_Si_Slimane,161,Ouled_Si_Slimane,
05,Batna,14,Ouled_Si_Slimane,148,Lemcene,
05,Batna,15,Ras_El_Aioun,164,Ras_El_Aioun,
05,Batna,15,Ras_El_Aioun,163,Rahbat,
05,Batna,16,Seggana,166,Seggana,
05,Batna,16,Seggana,175,Tilatou,
05,Batna,17,Seriana,147,Lazrou,
05,Batna,17,Seriana,167,Seriana,
05,Batna,18,Tazoult,162,Ouyoun_El_Assafir,
05,Batna,18,Tazoult,171,Tazoult,
05,Batna,19,Theniet_El_Abed,172,Teniet_El_Abed,
05,Batna,19,Theniet_El_Abed,131,Chir,
05,Batna,20,Timgad,176,Timgad,
05,Batna,20,Timgad,159,Ouled_Fadel,
05,Batna,21,Tkout,138,Ghassira,
05,Batna,21,Tkout,168,T_Kout,
06,Bejaia,01,Adekar,178,Adekar,
06,Bejaia,01,Adekar,189,Beni_K'sila,
06,Bejaia,02,Akbou,181,Akbou,
06,Bejaia,02,Akbou,195,Chellata,
06,Bejaia,03,Amizour,188,Beni_Djellil,
06,Bejaia,03,Amizour,184,Amizour,
06,Bejaia,04,Aokas,185,Aokas,
06,Bejaia,04,Aokas,228,Tizi-N'berber,
06,Bejaia,05,Barbacha,186,Barbacha,
06,Bejaia,05,Barbacha,206,Kendira,
06,Bejaia,06,Bejaia,187,Bejaia,
06,Bejaia,06,Bejaia,210,Oued_Ghir,
06,Bejaia,07,Beni_Maouche,191,Benimaouche,
06,Bejaia,08,Chemini,182,Akfadou,
06,Bejaia,08,Chemini,196,Chemini,
06,Bejaia,09,Darguina,180,Ait-Smail,
06,Bejaia,09,Darguina,197,Darguina,
06,Bejaia,10,El_Kseur,200,El_Kseur,
06,Bejaia,10,El_Kseur,201,Fenaia_Il_Maten,
06,Bejaia,11,Ifri_Ouzellaguene,203,Ouzellaguen,
06,Bejaia,12,Ighil_Ali,179,Ait_R'zine,
06,Bejaia,12,Ighil_Ali,204,Ighil-Ali,
06,Bejaia,13,Kherrata,198,Dra_El_Caid,
06,Bejaia,13,Kherrata,207,Kherrata,
06,Bejaia,14,Seddouk,183,Amalou,
06,Bejaia,14,Seddouk,183,Amalou,
06,Bejaia,15,Sidi_Aich,212,Sidi_Ayad,
06,Bejaia,15,Sidi_Aich,213,Sidi-Aich,
06,Bejaia,16,Souk_El_Tenine,209,Melbou,
06,Bejaia,16,Souk_El_Tenine,215,Souk_El_Tenine,
06,Bejaia,17,Tazmalt,190,Beni-Mallikeche,
06,Bejaia,17,Tazmalt,222,Tazmalt,
06,Bejaia,18,Tichy,194,Boukhelifa,
06,Bejaia,18,Tichy,224,Tichy,
06,Bejaia,19,Timezrit,226,Timezrit,
07,Biskra,01,Biskra,233,Biskra,
07,Biskra,01,Biskra,243,El_Hadjab,
07,Biskra,02,Djemorah,239,Djemorah,
07,Biskra,02,Djemorah,236,Branis,
07,Biskra,03,El_Kantara,245,El_Kantara,
07,Biskra,03,El_Kantara,231,Ain_Zaatout,
07,Biskra,04,El_Outaya,246,El_Outaya,
07,Biskra,05,Foughala,247,Foughala,
07,Biskra,05,Foughala,242,El_Ghrous,
07,Biskra,06,Mechouneche,251,M'chouneche,
07,Biskra,07,Ourlal,254,M'lili,
07,Biskra,07,Ourlal,257,Ourlal,
07,Biskra,08,Sidi_Okba,230,Ain_Naga,
07,Biskra,08,Sidi_Okba,260,Sidi_Okba,
07,Biskra,09,Tolga,249,Lichana,
07,Biskra,09,Tolga,261,Tolga,
07,Biskra,10,Zeribet_El_Oued,262,Zeribet_El_Oued,
07,Biskra,10,Zeribet_El_Oued,253,Meziraa,
08,Bechar,01,Abadla,263,Abadla,
08,Bechar,01,Abadla,270,Erg-Ferradj,
08,Bechar,02,Bechar,264,Bechar,
08,Bechar,03,Beni_Ounif,267,Beni-Ounif,
08,Bechar,04,Kenadsa,277,Meridja,
08,Bechar,04,Kenadsa,272,Kenadsa,
08,Bechar,05,Lahmar,268,Boukais,
08,Bechar,05,Lahmar,275,Lahmar,
08,Bechar,06,Tabelbala,280,Tabelbala,
08,Bechar,07,Taghit,281,Taghit,
09,Blida,01,Blida,289,Bouarfa,
09,Blida,01,Blida,288,Blida,
09,Blida,02,Boufarik,308,Soumaa,
09,Blida,02,Boufarik,290,Boufarik,
09,Blida,03,Bougara,305,Ouled_Slama,
09,Blida,03,Bougara,291,Bougara,
09,Blida,04,Bouinan,292,Bouinan,
09,Blida,05,El_Affroun,303,Oued__Djer,
09,Blida,05,El_Affroun,297,El-Affroun,
09,Blida,06,Larbaa,307,Souhane,
09,Blida,06,Larbaa,300,Larbaa,
09,Blida,07,Meftah,301,Meftah,
09,Blida,07,Meftah,296,Djebabra,
09,Blida,08,Mouzaia,302,Mouzaia,
09,Blida,08,Mouzaia,294,Chiffa,
09,Blida,09,Oued_El_Alleug,304,Oued_El_Alleug,
09,Blida,09,Oued_El_Alleug,287,Benkhelil,
09,Blida,10,Ouled_Yaich,306,Ouled_Yaich,
09,Blida,10,Ouled_Yaich,295,Chrea,
10,Bouira,01,Ain_Bessem,312,Ain_Laloui,
10,Bouira,01,Ain_Bessem,314,Ain-Bessem,
10,Bouira,02,Bechloul,310,Ahl_El_Ksar,
10,Bouira,02,Bechloul,317,Bechloul,
10,Bouira,03,Bir_Ghbalou,330,El_Khabouzia,
10,Bouira,03,Bir_Ghbalou,318,Bir_Ghbalou,
10,Bouira,04,Bordj_Okhriss,334,Hadjera_Zerga,
10,Bouira,04,Bordj_Okhriss,319,Bordj_Okhriss,
10,Bouira,05,Bouira,321,Bouira,
10,Bouira,05,Bouira,313,Ain_Turk,
10,Bouira,6,El_Hachimia,329,El_Hachimia,
10,Bouira,6,El_Hachimia,343,Oued_El_Berdi,
10,Bouira,7,Haizer,335,Haizer,
10,Bouira,7,Haizer,350,Taghzout,
10,Bouira,8,Kadiria,316,Aomar,
10,Bouira,8,Kadiria,337,Kadiria,
10,Bouira,9,Lakhdaria,338,Lakhdaria,
10,Bouira,9,Lakhdaria,340,Maala,
10,Bouira,10,M'chedallah,339,M_Chedallah,
10,Bouira,10,M'chedallah,309,Aghbalou,
10,Bouira,11,Souk_El_Khemis,332,El-Mokrani,
10,Bouira,11,Souk_El_Khemis,348,Souk_El_Khemis,
10,Bouira,12,Sour_El_Ghozlane,346,Ridane,
10,Bouira,12,Sour_El_Ghozlane,341,Maamora,
11,Tamanrasset,01,Silet,354,Abelsa,
11,Tamanrasset,02,Tamanrasset,361,Tamanrasset,
11,Tamanrasset,02,Tamanrasset,355,Ain_Amguel,
11,Tamanrasset,03,Tazrouk,362,Tazrouk,
11,Tamanrasset,04,Tazrouk,359,Idles,
12,Tebessa,01,Bir_El_Ater,378,El_Ogla_El_Malha,
12,Tebessa,01,Bir_El_Ater,369,Bir-El-Ater,
12,Tebessa,02,Bir_Mokadem,368,Bir_Mokkadem,
12,Tebessa,02,Bir_Mokadem,383,Hammamet,
12,Tebessa,03,Cheria,391,Telidjen,
12,Tebessa,03,Cheria,372,Cheria,
12,Tebessa,04,El_Aouinet,379,El-Aouinet,
12,Tebessa,04,El_Aouinet,370,Boukhadra,
12,Tebessa,05,El_Kouif,366,Bekkaria,
12,Tebessa,05,El_Kouif,373,El_Kouif,
12,Tebessa,06,El_Malabiod,380,El-Houidjbet,
12,Tebessa,06,El_Malabiod,374,El_Malabiod,
12,Tebessa,07,El_Ogla,389,Stah_Guentis,
12,Tebessa,07,El_Ogla,377,El_Ogla,
12,Tebessa,07,El_Ogla,376,El_Mezeraa,
12,Tebessa,08,Morsott,367,Bir_Dheheb,
12,Tebessa,08,Morsott,384,Morsott,
12,Tebessa,09,Negrine,381,Ferkane,
12,Tebessa,09,Negrine,385,Negrine,
12,Tebessa,10,Ouenza,386,Ouenza,
12,Tebessa,10,Ouenza,375,El_Meridj,
12,Tebessa,11,Oum_Ali,388,Saf_Saf_El_Ouesra,
12,Tebessa,11,Oum_Ali,387,Oum_Ali,
12,Tebessa,12,Tebessa,390,Tebessa,
13,Tlemcen,01,Ain_Tellout,396,Ain_Nehala,
13,Tlemcen,01,Ain_Tellout,397,Ain_Tellout,
13,Tlemcen,02,Bab_El_Assa,400,Bab_El_Assa,
13,Tlemcen,02,Bab_El_Assa,439,Souani,
13,Tlemcen,03,Beni_Boussaid,437,Sidi_Medjahed,
13,Tlemcen,03,Beni_Boussaid,402,Beni_Boussaid,
13,Tlemcen,04,Beni_Snous,401,Beni_Bahdel,
13,Tlemcen,04,Beni_Snous,407,Beni_Snous,
13,Tlemcen,05,Bensekrane,435,Sidi_Abdelli,
13,Tlemcen,05,Bensekrane,408,Bensekrane,
13,Tlemcen,06,Chetouane,411,Chetouane,
13,Tlemcen,06,Chetouane,399,Amieur,
13,Tlemcen,07,Fellaoucene,418,Fellaoucene,
13,Tlemcen,07,Fellaoucene,392,Ain_Fetah,
13,Tlemcen,08,Ghazaouet,412,Dar_Yaghmoracen,
13,Tlemcen,08,Ghazaouet,419,Ghazaouet,
13,Tlemcen,09,Hennaya,444,Zenata,
13,Tlemcen,09,Hennaya,421,Hennaya,
13,Tlemcen,10,Honnaine,422,Honnaine,
13,Tlemcen,10,Honnaine,403,Beni_Khellad,
13,Tlemcen,11,Maghnia,423,Maghnia,
13,Tlemcen,11,Maghnia,420,Hammam_Boughrara,
13,Tlemcen,12,Mansourah,441,Terny_Beni_Hediel,
13,Tlemcen,12,Mansourah,424,Mansourah,
13,Tlemcen,13,Marsa_Ben_Mehdi,426,M'sirda_Fouaga,
13,Tlemcen,13,Marsa_Ben_Mehdi,425,Marsa_Ben_M'hidi,
13,Tlemcen,14,Nedroma,427,Nedroma,
13,Tlemcen,14,Nedroma,413,Djebala,
13,Tlemcen,15,Ouled_Mimoun,406,Beni_Smiel,
13,Tlemcen,14,Nedroma,413,Djebala,
13,Tlemcen,15,Ouled_Mimoun,429,Ouled_Mimoun,
13,Tlemcen,16,Remchi,398,Ain_Youcef,
13,Tlemcen,16,Remchi,431,Remchi,
13,Tlemcen,17,Sabra,409,Bouhlou,
13,Tlemcen,17,Sabra,432,Sabra,
13,Tlemcen,18,Sebdou,434,Sebdou,
13,Tlemcen,18,Sebdou,417,El_Gor,
13,Tlemcen,19,Sidi_Djillali,436,Sidi_Djillali,
13,Tlemcen,19,Sidi_Djillali,410,Bouihi,
13,Tlemcen,20,Tlemcen,443,Tlemcen,
14,Tiaret,01,Ain_Deheb,446,Ain_Deheb,
14,Tiaret,01,Ain_Deheb,451,Chehaima,
14,Tiaret,02,Ain_Kermes,449,Ain_Kermes,
14,Tiaret,02,Ain_Kermes,453,Djebilet_Rosfa,
14,Tiaret,03,Dahmouni,445,Ain_Bouchekif,
14,Tiaret,03,Dahmouni,452,Dahmouni,
14,Tiaret,04,Frenda,448,Ain_El_Hadid,
14,Tiaret,04,Frenda,456,Frenda,
14,Tiaret,05,Hamadia,450,Bougara,
14,Tiaret,05,Hamadia,458,Hamadia,
14,Tiaret,06,Ksar_Chellala,459,Ksar_Chellala,
14,Tiaret,06,Ksar_Chellala,474,Serghine,
14,Tiaret,07,Mahdia,461,Mahdia,
14,Tiaret,07,Mahdia,447,Ain_Dzarit,
14,Tiaret,08,Mechraa_Sfa,454,Djillali_Ben_Amar,
14,Tiaret,08,Mechraa_Sfa,462,Mechraa_Safa,
14,Tiaret,09,Medroussa,464,Medroussa,
14,Tiaret,09,Medroussa,466,Mellakou,
14,Tiaret,10,Meghila,473,Sebt,
14,Tiaret,10,Meghila,479,Sidi_Hosni,
14,Tiaret,11,Oued_Lili,469,Oued_Lilli,
14,Tiaret,11,Oued_Lili,477,Sidi_Ali_Mellal,
14,Tiaret,12,Rahouia,457,Guertoufa,
14,Tiaret,12,Rahouia,470,Rahouia,
14,Tiaret,13,Sougueur,455,Faidja,
14,Tiaret,13,Sougueur,485,Tousnina,
14,Tiaret,14,Tiaret,483,Tiaret,
15,Tizi_Ouzou,01,Ain_El_Hammam,487,Abi-Youcef,
15,Tizi_Ouzou,01,Ain_El_Hammam,490,Ain-El-Hammam,
15,Tizi_Ouzou,02,Azazga,506,Azazga,
15,Tizi_Ouzou,02,Azazga,519,Freha,
15,Tizi_Ouzou,03,Azeffoun,488,Aghribs,
15,Tizi_Ouzou,03,Azeffoun,498,Ait-Chafaa,
15,Tizi_Ouzou,04,Beni_Douala,510,Beni-Douala,
15,Tizi_Ouzou,04,Beni_Douala,509,Beni-Aissi,
15,Tizi_Ouzou,05,Benni_Yenni,511,Beni-Yenni,
15,Tizi_Ouzou,05,Benni_Yenni,521,Iboudrarene,
15,Tizi_Ouzou,06,Boghni,513,Boghni,
15,Tizi_Ouzou,06,Boghni,515,Bounouh,
15,Tizi_Ouzou,07,Bouzeguene,522,Idjeur,
15,Tizi_Ouzou,07,Bouzeguene,516,Bouzeguene,
15,Tizi_Ouzou,08,Draa_Ben_Khedda,517,Draa-Ben-Khedda,
15,Tizi_Ouzou,08,Draa_Ben_Khedda,540,Sidi_Namane,
15,Tizi_Ouzou,09,Draa_El_Mizan,518,Draa-El-Mizan,
15,Tizi_Ouzou,09,Draa_El_Mizan,520,Frikat,
15,Tizi_Ouzou,10,Iferhounene,526,Illilten,
15,Tizi_Ouzou,10,Iferhounene,523,Iferhounene,
15,Tizi_Ouzou,11,Larbaa_Nath_Iraten,529,Irdjen,
15,Tizi_Ouzou,11,Larbaa_Nath_Iraten,530,Larbaa_Nath_Irathen,
15,Tizi_Ouzou,12,Maatkas,531,Maatkas,
15,Tizi_Ouzou,12,Maatkas,542,Souk-El-Tenine,
15,Tizi_Ouzou,13,Makouda,514,Boudjima,
15,Tizi_Ouzou,13,Makouda,532,Makouda,
15,Tizi_Ouzou,14,Mekla,495,Ait_Khellili,
15,Tizi_Ouzou,14,Mekla,534,Mekla,
15,Tizi_Ouzou,15,Ouacif,494,Ait_Boumahdi,
15,Tizi_Ouzou,15,Ouacif,537,Ouacif,
15,Tizi_Ouzou,16,Ouadhias,489,Agouni-Gueghrane,
15,Tizi_Ouzou,16,Ouadhias,493,Ait_Bouaddou,
15,Tizi_Ouzou,17,Ouaguenoun,497,Ait-Aissa-Mimoun,
15,Tizi_Ouzou,17,Ouaguenoun,539,Ouaguenoun,
15,Tizi_Ouzou,18,Tigzirt,525,Iflissen,
15,Tizi_Ouzou,18,Tigzirt,544,Tigzirt,
15,Tizi_Ouzou,19,Tizi_Ouzou,549,Tizi-Ouzou,
15,Tizi_Ouzou,20,Tizi_Rached,500,Ait-Oumalou,
15,Tizi_Ouzou,20,Tizi_Rached,550,Tizi-Rached,
15,Tizi_Ouzou,21,Tizi-Ghenif,536,M'kira,
15,Tizi_Ouzou,21,Tizi-Ghenif,548,Tizi-Gheniff,
16,Alger,01,Bab_El_Oued,557,Bab_El_Oued,
16,Alger,02,Baraki,606,Sidi_Moussa,
16,Alger,02,Baraki,561,Baraki,
16,Alger,03,Bir_Mourad_Rais,604,Sehaoula,
16,Alger,03,Bir_Mourad_Rais,564,Bir_Mourad_Rais,
16,Alger,04,Birtouta,566,Bir_Touta,
16,Alger,04,Birtouta,609,Tessala_El_Merdja,
16,Alger,05,Bouzareah,562,Ben_Aknoun,
16,Alger,05,Bouzareah,571,Bouzareah,
16,Alger,06,Cheraga,573,Cheraga,
16,Alger,06,Cheraga,586,Hammamet,
16,Alger,07,Dar_El_Beida,555,Ain_Taya,
16,Alger,07,Dar_El_Beida,558,Bab_Ezzouar,
16,Alger,07,Dar_El_Beida,574,Dar_El_Beida,
16,Alger,08,Draria,577,Douira,
16,Alger,08,Draria,578,Draria,
16,Alger,09,El_Harrach,581,El_Harrach,
16,Alger,09,El_Harrach,597,Oued_Smar,
16,Alger,10,Hussein_Dey,588,Hussein_Dey,
16,Alger,10,Hussein_Dey,591,Kouba,
16,Alger,11,Rouiba,587,Herraoua,
16,Alger,11,Rouiba,603,Rouiba,
16,Alger,12,Sidi_M'hamed,556,Alger_Centre,
16,Alger,12,Sidi_M'hamed,582,El_Madania,
16,Alger,13,Zeralda,593,Maalma,
16,Alger,13,Zeralda,610,Zeralda,
17,Djelfa,01,Ain_El_Ibel,612,Ain_El_Ibel,
17,Djelfa,01,Ain_El_Ibel,644,Taadmit,
17,Djelfa,02,Ain_Oussera,630,Guernini,
17,Djelfa,02,Ain_Oussera,615,Ain_Oussera,
17,Djelfa,03,Birine,619,Birine,
17,Djelfa,03,Birine,617,Benhar,
17,Djelfa,04,Charef,626,El_Guedid,
17,Djelfa,04,Charef,621,Charef,
17,Djelfa,05,Dar_Chioukh,642,Sidi_Baizid,
17,Djelfa,05,Dar_Chioukh,622,Dar_Chioukh,
17,Djelfa,06,Djelfa,624,Djelfa,
17,Djelfa,07,El_Idrissia,625,Douis,
17,Djelfa,07,El_Idrissia,627,El_Idrissia,
17,Djelfa,08,Faidh_El_Botma,639,Oum_Laadham,
17,Djelfa,08,Faidh_El_Botma,629,Faidh_El_Botma,
17,Djelfa,09,Had_Sahary,620,Bouira_Lahdab,
17,Djelfa,09,Had_Sahary,613,Ain_Fekka,
17,Djelfa,10,Hassi_Bahbah,645,Zaafrane,
17,Djelfa,10,Hassi_Bahbah,633,Hassi_Bahbah,
17,Djelfa,11,Messaad,641,Selmana,
17,Djelfa,11,Messaad,640,Sed_Rahal,
17,Djelfa,12,Sidi_Laadjel,643,Sidi_Laadjel,
17,Djelfa,12,Sidi_Laadjel,635,Hassi_Fedoul,
18,Jijel,01,Chekfa,652,Chekfa,
18,Jijel,01,Chekfa,657,El_Kennar_Nouchfi,
18,Jijel,02,Djimla,654,Djimla,
18,Jijel,02,Djimla,648,Boudria_Beniyadjis,
18,Jijel,03,El_Ancer,649,Bouraoui_Belhadef,
18,Jijel,03,El_Ancer,655,El_Ancer,
18,Jijel,04,El_Aouana,656,El_Aouana,
18,Jijel,04,El_Aouana,668,Selma_Benziada,
18,Jijel,05,El_Milia,658,El_Milia,
18,Jijel,05,El_Milia,667,Ouled_Yahia_Khadrouch,
18,Jijel,06,Jijel,662,Jijel,
18,Jijel,07,Settara,661,Ghebala,
18,Jijel,07,Settara,669,Settara,
18,Jijel,08,Sidi_Marouf,666,Ouled_Rabah,
18,Jijel,08,Sidi_Marouf,671,Sidi_Marouf,
18,Jijel,09,Taher,672,Taher,
18,Jijel,10,Texenna,663,Kaous,
18,Jijel,10,Texenna,673,Texenna,
18,Jijel,11,Ziamah_Mansouriah,660,Erraguene_Souissi,
18,Jijel,11,Ziamah_Mansouriah,674,Ziama_Mansouriah,
19,Setif,01,Ain_Arnat,720,Mezloug,
19,Setif,01,Ain_Arnat,676,Ain_Arnat,
19,Setif,02,Ain_Azel,677,Ain_Azel,
19,Setif,02,Ain_Azel,679,Ain_Lahdjar,
19,Setif,03,Ain_El_Kebira,678,Ain_El_Kebira,
19,Setif,03,Ain_El_Kebira,703,Dehamcha,
19,Setif,04,Ain_Oulmene,709,Guellal,
19,Setif,04,Ain_Oulmene,680,Ain_Oulmene,
19,Setif,05,Amoucha,721,Oued_El_Bared,
19,Setif,05,Amoucha,686,Amoucha,
19,Setif,06,Babor,687,Babor,
19,Setif,07,Beni_Aziz,695,Beni-Aziz,
19,Setif,07,Beni_Aziz,718,Maaouia,
19,Setif,08,Beni_Ourtilane,693,Beni_Ourtilane,
19,Setif,08,Beni_Ourtilane,696,Beni-Mouhli,
19,Setif,09,Bir_El_Arch,690,Bellaa,
19,Setif,09,Bir_El_Arch,698,Bir-El-Arch,
19,Setif,10,Bouandas,684,Ait_Naoual_Mezada,
19,Setif,10,Bouandas,685,Ait-Tizi,
19,Setif,11,Bougaa,682,Ain-Roua,
19,Setif,11,Bougaa,700,Bougaa,
19,Setif,12,Djemila,692,Beni_Fouda,
19,Setif,12,Djemila,704,Djemila,
19,Setif,13,El_Eulma,706,El_Eulma,
19,Setif,13,El_Eulma,710,Guelta_Zerka,
19,Setif,14,Guenzet,711,Guenzet,
19,Setif,14,Guenzet,716,Harbil,
19,Setif,15,Guidjel,723,Ouled_Sabor,
19,Setif,16,Hammam_Guergour,715,Hammam_Guergour,
19,Setif,17,Hammam_Sokhna,713,Hamam_Soukhna,
19,Setif,17,Hammam_Sokhna,733,Tella,
19,Setif,18,Maoklane,731,Tala-Ifacene,
19,Setif,18,Maoklane,719,Maouaklane,
19,Setif,19,Salah_Bey,714,Hamma,
19,Setif,19,Salah_Bey,727,Salah_Bey,
19,Setif,20,Setif,729,Setif,
20,Saida,01,Ain_El_Hadjar,746,Sidi_Ahmed,
20,Saida,01,Ain_El_Hadjar,735,Ain_El_Hadjar,
20,Saida,02,El_Hassasna,739,El_Hassasna,
20,Saida,02,El_Hassasna,736,Ain_Sekhouna,
20,Saida,03,Ouled_Brahim,743,Ouled_Brahim,
20,Saida,03,Ouled_Brahim,737,Ain_Soltane,
20,Saida,04,Saida,745,Saida,
20,Saida,05,Sidi_Boubekeur,748,Sidi_Boubekeur,
20,Saida,05,Sidi_Boubekeur,744,Ouled_Khaled,
20,Saida,06,Youb,750,Youb,
20,Saida,06,Youb,738,Doui_Thabet,
21,Skikda,01,Ain_Kechra,753,Ain_Kechra,
21,Skikda,01,Ain_Kechra,778,Ouldja_Boulbalout,
21,Skikda,02,Azzaba,755,Azzaba,
21,Skikda,02,Azzaba,765,Djendel_Saadi_Mohamed,
21,Skikda,03,Ben_Azzouz,769,El_Marsa,
21,Skikda,03,Ben_Azzouz,757,Beni_Azzouz,
21,Skikda,04,Collo,764,Collo,
21,Skikda,04,Collo,763,Cheraia,
21,Skikda,05,El_Hadaiek,768,El_Hadaiek,
21,Skikda,05,El_Hadaiek,754,Ain_Zouit,
21,Skikda,06,El_Harrouch,783,Salah_Bouchaour,
21,Skikda,06,El_Harrouch,780,Ouled_Habbaba,
21,Skikda,07,Ouled_Attia,779,Ouled_Attia,
21,Skikda,07,Ouled_Attia,777,Oued_Zhour,
21,Skikda,08,Oum_Toub,781,Oum_Toub,
21,Skikda,09,Ramdane_Djamel,782,Ramdane_Djamel,
21,Skikda,10,Sidi_Mezghiche,751,Ain_Bouziane,
21,Skikda,10,Sidi_Mezghiche,784,Sidi_Mezghiche,
21,Skikda,11,Skikda,772,Filfila,
21,Skikda,11,Skikda,785,Skikda,
21,Skikda,12,Tamalous,761,Bin_El_Ouiden,
21,Skikda,12,Tamalous,786,Tamalous,
21,Skikda,13,Zitouna,788,Zitouna,
21,Skikda,13,Zitouna,774,Kanoua,
22,Sidi_Bel_Abbes,01,Ain_El_Berd,825,Sidi_Brahim,
22,Sidi_Bel_Abbes,01,Ain_El_Berd,789,Ain_El_Berd,
22,Sidi_Bel_Abbes,02,Ben_Badis,806,Hassi_Zahana,
22,Sidi_Bel_Abbes,02,Ben_Badis,797,Ben_Badis,
22,Sidi_Bel_Abbes,03,Marhoum,809,Marhoum,
22,Sidi_Bel_Abbes,03,Marhoum,799,Bir_El_Hammam,
22,Sidi_Bel_Abbes,04,Merine,811,Merine,
22,Sidi_Bel_Abbes,04,Merine,834,Tefessour,
22,Sidi_Bel_Abbes,05,Mostefa__Ben_Brahim,796,Belarbi,
22,Sidi_Bel_Abbes,05,Mostefa__Ben_Brahim,813,Mostefa__Ben_Brahim,
22,Sidi_Bel_Abbes,06,Moulay_Slissen,814,Moulay_Slissen,
22,Sidi_Bel_Abbes,06,Moulay_Slissen,804,El_Hacaiba,
22,Sidi_Bel_Abbes,07,Ras_El_Ma,819,Redjem_Demouche,
22,Sidi_Bel_Abbes,07,Ras_El_Ma,818,Ras_El_Ma,
22,Sidi_Bel_Abbes,08,Sfisef,821,Sfisef,
22,Sidi_Bel_Abbes,08,Sfisef,793,Ain-_Adden,
22,Sidi_Bel_Abbes,09,Sidi_Ali_Ben_Youb,822,Sidi_Ali_Benyoub,
22,Sidi_Bel_Abbes,09,Sidi_Ali_Ben_Youb,801,Boukhanefis,
22,Sidi_Bel_Abbes,10,Sidi_Ali_Boussidi,790,Ain_Kada,
22,Sidi_Bel_Abbes,09,Sidi_Ali_Ben_Youb,001,Boukhanefis,
22,Sidi_Bel_Abbes,10,Sidi_Ali_Boussidi,023,Sidi_Ali_Boussidi,
22,Sidi_Bel_Abbes,10,Sidi_Ali_Boussidi,027,Sidi_Dahou_Zairs,
22,Sidi_Bel_Abbes,11,Sidi_Bel_Abbes,024,Sidi_Bel-Abbes,
22,Sidi_Bel_Abbes,12,Sidi_Lahcene,031,Sidi_Yacoub,
22,Sidi_Bel_Abbes,12,Sidi_Lahcene,030,Sidi_Lahcene,
22,Sidi_Bel_Abbes,13,Telagh,003,Dhaya,
22,Sidi_Bel_Abbes,13,Telagh,036,Telagh,
22,Sidi_Bel_Abbes,14,Tenira,037,Tenira,
22,Sidi_Bel_Abbes,14,Tenira,016,Oued_Sefioun,
22,Sidi_Bel_Abbes,15,Tessala,091,Ain_Thrid,
22,Sidi_Bel_Abbes,15,Tessala,038,Tessala,
23,Annaba,01,Ain_El_Berda,041,Ain_El_Berda,
23,Annaba,01,Ain_El_Berda,047,El_Eulma,
23,Annaba,02,Annaba,042,Annaba,
23,Annaba,02,Annaba,050,Seraidi,
23,Annaba,03,Berrahal,043,Berrahal,
23,Annaba,03,Berrahal,049,Oued_El_Aneb,
23,Annaba,04,Chetaibi,044,Chetaibi,
23,Annaba,05,El_Bouni,046,El_Bouni,
23,Annaba,06,El_Hadjar,048,El_Hadjar,
23,Annaba,06,El_Hadjar,051,Sidi_Amar,
24,Guelma,01,Ain_Hessainia,083,Ras_El_Agba,
24,Guelma,01,Ain_Hessainia,085,Sellaoua_Announa,
24,Guelma,02,Ain_Makhlouf,054,Ain_Larbi,
24,Guelma,02,Ain_Makhlouf,055,Ain_Makhlouf,
24,Guelma,03,Bouchegouf,065,Bouchegouf,
24,Guelma,03,Bouchegouf,081,Oued_Ferragha,
24,Guelma,04,Guelaat_Bousbaa,075,Nechmaya,
24,Guelma,04,Guelaat_Bousbaa,066,Boumahra_Ahmed,
24,Guelma,05,Guelma,071,Guelma,
24,Guelma,05,Guelma,059,Bendjarah,
24,Guelma,06,Hammam_Debagh,063,Bou_Hamdane,
24,Guelma,06,Hammam_Debagh,072,Hammam_Debagh,
24,Guelma,07,Hammam_N'bails,073,Hammam_N'bail,
24,Guelma,07,Hammam_N'bails,080,Oued_Cheham,
24,Guelma,08,Heliopolis,064,Bouati_Mahmoud,
24,Guelma,08,Heliopolis,074,Heliopolis,
24,Guelma,09,Khezaras,057,Ain_Sandel,
24,Guelma,09,Khezaras,076,Khezaras,
24,Guelma,10,Oued_Zenati,082,Oued_Zenati,
24,Guelma,10,Oued_Zenati,056,Ain_Regada,
25,Constantine,01,Ain_Abid,087,Ain_Abid,
25,Constantine,01,Ain_Abid,089,Ben_Badis,
25,Constantine,02,Constantine,091,Constantine,
25,Constantine,03,El_Khroub,088,Ain_Smara,
25,Constantine,03,El_Khroub,093,El_Khroub,
25,Constantine,04,Hamma_Bouziane,092,Didouche_Mourad,
25,Constantine,04,Hamma_Bouziane,094,Hamma_Bouziane,
25,Constantine,05,Ibn_Ziad,095,Ibn_Ziad,
25,Constantine,05,Ibn_Ziad,096,Messaoud_Boudjeriou,
25,Constantine,06,Zighoud_Youcef,090,Beni_Hamidane,
25,Constantine,06,Zighoud_Youcef,098,Zighoud_Youcef,
26,Medea,01,Ain_Boucif,099,Ain_Boucif,
26,Medea,01,Ain_Boucif,051,Sidi_Demed,
26,Medea,02,Aziz,002,Aziz,
26,Medea,02,Aziz,044,Oum_El_Djellil,
26,Medea,03,Beni_Slimane,005,Beni_Slimane,
26,Medea,03,Beni_Slimane,053,Sidi_Rabie,
26,Medea,04,Berrouaghia,006,Berrouaghia,
26,Medea,04,Berrouaghia,041,Ouled_Deid,
26,Medea,05,Chahbounia,012,Boughzoul,
26,Medea,05,Chahbounia,014,Chabounia,
26,Medea,06,Chellalat_El_Adhaoura,015,Chelalet_El_Adhaoura,
26,Medea,06,Chellalat_El_Adhaoura,016,Cheniguel,
26,Medea,07,El_Azizia,920,El_Azizia,
26,Medea,07,El_Azizia,935,Mihoub,
26,Medea,08,El_Omaria,903,Baata,
26,Medea,08,El_Omaria,940,Ouled_Brahim,
26,Medea,09,Guelb_El_Kebir,907,Bir_Ben_Laabed,
26,Medea,09,Guelb_El_Kebir,948,Sedraya,
26,Medea,10,Ksar_El_Boukhari,929,Ksar_El_Boukhari,
26,Medea,10,Ksar_El_Boukhari,947,Saneg,
26,Medea,11,Medea,931,Medea,
26,Medea,11,Medea,959,Tamesguida,
26,Medea,12,Ouamri,936,Ouamri,
26,Medea,12,Ouamri,937,Oued_Harbil,
26,Medea,13,Ouled_Antar,943,Ouled_Hellal,
26,Medea,13,Ouled_Antar,938,Ouled_Antar,
26,Medea,14,Ouzera,904,Ben_Chicao,
26,Medea,14,Ouzera,945,Ouzera,
26,Medea,15,Seghouane,961,Tletat_Ed_Douair,
26,Medea,15,Seghouane,949,Seghouane,
26,Medea,16,Si_Mahdjoub,939,Ouled_Bouachra,
26,Medea,16,Si_Mahdjoub,950,Si_Mahdjoub,
26,Medea,17,Sidi_Naamane,911,Bouchrahil,
26,Medea,17,Sidi_Naamane,952,Sidi_Naamane,
26,Medea,18,Souaghi,956,Souagui,
26,Medea,18,Souaghi,955,Sidi_Ziane,
26,Medea,19,Tablat,901,Aissaouia,
26,Medea,19,Tablat,957,Tablat,
27,Mostaganem,01,Achaacha,963,Achaacha,
27,Mostaganem,01,Achaacha,980,Nekmaria,
27,Mostaganem,02,Ain_Nouicy,970,Fornaka,
27,Mostaganem,02,Ain_Nouicy,973,Hassiane,
27,Mostaganem,03,Ain_Tedeles,981,Oued_El_Kheir,
27,Mostaganem,03,Ain_Tedeles,967,Ain-Tedles,
27,Mostaganem,04,Bouguirat,969,Bouguirat,
27,Mostaganem,04,Bouguirat,990,Souaflia,
27,Mostaganem,05,Hassi_Mameche,972,Hassi_Mameche,
27,Mostaganem,05,Hassi_Mameche,977,Mazagran,
27,Mostaganem,06,Kheir_Eddine,975,Kheir-Eddine,
27,Mostaganem,06,Kheir_Eddine,985,Sayada,
27,Mostaganem,07,Mesra,966,Ain-Sidi_Cherif,
27,Mostaganem,07,Mesra,978,Mesra,
27,Mostaganem,08,Mostaganem,979,Mostaganem,
27,Mostaganem,09,Sidi_Ali,986,Sidi_Ali,
27,Mostaganem,10,Sidi_Lakhdar,988,Sidi-Lakhdar,
28,M'Sila,01,Ain_El_Hadjel,1035,Sidi_Hadjeres,
28,M'Sila,02,Ain_El_Melh,996,Ain_El_Melh,
28,M'Sila,02,Ain_El_Melh,036,Sidi_M'hamed,
28,M'Sila,03,Ben_Srour,001,Ben_Srour,
28,M'Sila,03,Ben_Srour,022,Mohamed_Boudiaf,
28,M'Sila,04,Bousaada,006,Bou_Saada,
28,M'Sila,04,Bousaada,011,El_Hamel,
28,M'Sila,05,Chellal,008,Chellal,
28,M'Sila,05,Chellal,014,Khettouti_Sed-El-Jir,
28,M'Sila,06,Djebel_Messaad,010,Djebel_Messaad,
28,M'Sila,06,Djebel_Messaad,037,Slim,
28,M'Sila,07,Hammam_Dalaa,013,Hammam_Dalaa,
28,M'Sila,07,Hammam_Dalaa,025,Ouanougha,
28,M'Sila,08,Khoubana,012,El_Houamed,
28,M'Sila,08,Khoubana,015,Khoubana,
28,M'Sila,09,Magra,004,Berhoum,
28,M'Sila,09,Magra,018,Magra,
28,M'Sila,10,Medjedel,020,Medjedel,
28,M'Sila,10,Medjedel,021,Menaa,
28,M'Sila,11,M'sila,023,M'sila,
28,M'Sila,12,Ouled_Derradj,016,Maadid,
28,M'Sila,12,Ouled_Derradj,027,Ouled_Derradj,
28,M'Sila,13,Ouled_Sidi_Brahim,003,Benzouh,
28,M'Sila,13,Ouled_Sidi_Brahim,030,Ouled_Sidi_Brahim,
28,M'Sila,14,Sidi_Aissa,002,Beni_Ilmane,
28,M'Sila,14,Sidi_Aissa,033,Sidi_Aissa,
28,M'Sila,15,Sidi_Ameur,039,Tamsa,
29,Mascara,01,Ain_Fares,058,El_Mamounia,
29,Mascara,01,Ain_Fares,042,Ain_Fares,
29,Mascara,03,Aouf,062,Gharrous,
29,Mascara,03,Aouf,047,Aouf,
29,Mascara,04,Bouhanifia,050,Bouhanifia,
29,Mascara,04,Bouhanifia,065,Hacine,
29,Mascara,05,El_Bordj,066,Khalouia,
29,Mascara,05,El_Bordj,052,El_Bordj,
29,Mascara,06,Ghriss,082,Sidi_Boussaid,
29,Mascara,06,Ghriss,063,Ghriss,
29,Mascara,07,Hachem,056,El_Hachem,
29,Mascara,07,Hachem,088,Zelamta,
29,Mascara,08,Mascara,069,Mascara,
29,Mascara,09,Mohammadia,072,Mohammadia,
29,Mascara,09,Mohammadia,071,Mocta-Douz,
29,Mascara,10,Oggaz,077,Ras_El_Ain_Amirouche,
29,Mascara,10,Oggaz,074,Oggaz,
29,Mascara,11,Oued_El_Abtal,075,Oued_El_Abtal,
29,Mascara,11,Oued_El_Abtal,080,Sidi_Abdeldjebar,
29,Mascara,12,Oued_Taria,064,Guerdjoum,
29,Mascara,12,Oued_Taria,076,Oued_Taria,
29,Mascara,13,Sig,084,Sig,
29,Mascara,13,Sig,051,Chorfa,
29,Mascara,14,Tighennif,085,Tighennif,
29,Mascara,14,Tighennif,079,Sehailia,
29,Mascara,15,Tizi,061,Froha,
29,Mascara,15,Tizi,086,Tizi,
29,Mascara,16,Zahana,087,Zahana,
29,Mascara,16,Zahana,053,El_Gaada,
30,Ouargla,01,El_Borma,093,El_Borma,
30,Ouargla,02,Hassi_Messaoud,096,Hassi_Messaoud,
30,Ouargla,03,N'goussa,100,N'goussa,
30,Ouargla,04,Ouargla,101,Ouargla,
30,Ouargla,04,Ouargla,102,Rouissat,
30,Ouargla,05,Sidi_Khouiled,089,Ain_Beida,
30,Ouargla,05,Sidi_Khouiled,103,Sidi_Khouiled,
31,Oran,01,Ain_Turk,112,Ain_Turk,
31,Oran,01,Ain_Turk,120,El_Ancor,
31,Oran,02,Arzew,113,Arzew,
31,Oran,02,Arzew,133,Sidi_Ben_Yebka,
31,Oran,03,Bethioua,110,Ain_Biya,
31,Oran,03,Bethioua,115,Bethioua,
31,Oran,04,Bir_El_Djir,116,Bir_El_Djir,
31,Oran,04,Bir_El_Djir,125,Hassi_Ben_Okba,
31,Oran,05,Boutlelis,111,Ain_Kerma,
31,Oran,05,Boutlelis,119,Boutlelis,
32,El_Bayadh,01,Boualem,833,Boualem,
32,El_Bayadh,01,Boualem,477,Sidi_Tiffour,
32,El_Bayadh,02,Bougtoub,222,Bougtoub,
32,El_Bayadh,02,Bougtoub,456,Tousmouline,
32,El_Bayadh,03,Boussemghoun,567,Boussemghoun,
32,El_Bayadh,04,Brezina,996,Krakda,
32,El_Bayadh,04,Brezina,735,Brezina,
32,El_Bayadh,05,Chellala,983,El_Mehara,
32,El_Bayadh,05,Chellala,789,Chellala,
32,El_Bayadh,06,El_Bayadh,611,El_Bayadh,
32,El_Bayadh,07,Labiodh_Sidi_Cheikh,680,Labiodh_Sidi_Cheikh,
32,El_Bayadh,07,Labiodh_Sidi_Cheikh,434,Arbaouat,
32,El_Bayadh,08,Rogassa,992,Rogassa,
32,El_Bayadh,08,Rogassa,636,Cheguig,
33,Illizi,01,Illizi,888,Illizi,
33,Illizi,02,In_Amenas,706,In_Amenas,
34,Bordj_Bou_Arreridj,01,Ain_Taghrout,615,Ain_Taghrout,
34,Bordj_Bou_Arreridj,01,Ain_Taghrout,320,Tixter,
34,Bordj_Bou_Arreridj,02,Bir_Kasdali,260,Sidi-Embarek,
34,Bordj_Bou_Arreridj,02,Bir_Kasdali,124,Bir_Kasdali,
34,Bordj_Bou_Arreridj,03,Bordj_Bou_Arreridj,389,B._B._Arreridj,
34,Bordj_Bou_Arreridj,04,Bordj_Ghedir,401,Belimour,
34,Bordj_Bou_Arreridj,04,Bordj_Ghedir,665,Bordj_Ghedir,
34,Bordj_Bou_Arreridj,05,Bordj_Zemmoura,786,Bordj_Zemmoura,
34,Bordj_Bou_Arreridj,05,Bordj_Zemmoura,926,Tassamert,
34,Bordj_Bou_Arreridj,06,Djaafra,975,Tefreg,
34,Bordj_Bou_Arreridj,06,Djaafra,318,Djaafra,
34,Bordj_Bou_Arreridj,07,El_Hamadia,369,Elhammadia,
34,Bordj_Bou_Arreridj,07,El_Hamadia,525,El_Euch,
34,Bordj_Bou_Arreridj,08,Mansourah,655,Ouled_Sidi-Brahim,
34,Bordj_Bou_Arreridj,08,Mansourah,480,Mansoura,
34,Bordj_Bou_Arreridj,09,Medjana,987,Teniet_En_Nasr,
34,Bordj_Bou_Arreridj,09,Medjana,452,Medjana,
34,Bordj_Bou_Arreridj,10,Ras_El_Oued,136,Ain_Tesra,
34,Bordj_Bou_Arreridj,10,Ras_El_Oued,217,Ras_El_Oued,
35,Boumerdes,01,Baghlia,995,Sidi_Daoud,
35,Boumerdes,01,Baghlia,102,Baghlia,
35,Boumerdes,02,Bordj_Menaiel,524,Zemmouri,
35,Boumerdes,02,Bordj_Menaiel,367,Bordj_Menaiel,
35,Boumerdes,03,Boudouaou,773,Boudouaou,
35,Boumerdes,03,Boudouaou,288,Boudouaou_El_Bahri,
35,Boumerdes,04,Boumerdes,678,Boumerdes,
35,Boumerdes,04,Boumerdes,260,Corso,
35,Boumerdes,05,Dellys,539,Dellys,
35,Boumerdes,05,Dellys,903,Ben_Choud,
35,Boumerdes,06,Isser,741,Timezrit,
35,Boumerdes,06,Isser,567,Isser,
35,Boumerdes,07,Khemis_El_Khechna,224,Larbatache,
35,Boumerdes,08,Naciria,196,Ouled_Aissa,
35,Boumerdes,09,Thenia,343,Beni_Amrane,
36,El_Tarf,01,Ben_M'hidi,854,Berrihane,
36,El_Tarf,02,Besbes,671,Zerizer,
36,El_Tarf,03,Bouhadjar,503,Ain_Kerma,
36,El_Tarf,04,Bouteldja,109,Bouteldja,
36,El_Tarf,05,Drean,279,Chebaita_Mokhtar,
36,El_Tarf,06,El_Kala,926,El_Aioun,
36,El_Tarf,07,El_Tarf,335,Bougous,
37,Tindouf,08,Tindouf,458,Tindouf,
38,Tissemsilt,01,Ammari,120,Sidi_Abed,
38,Tissemsilt,02,Bordj_Bounaama,249,Beni_Chaib,
38,Tissemsilt,03,Bordj_Emir_Abdelkader,362,Youssoufia,
38,Tissemsilt,04,Khemisti,182,Khemisti,
38,Tissemsilt,05,Lardjem,413,Sidi_Lantri,
38,Tissemsilt,06,Lazharia,261,Boucaid,
38,Tissemsilt,07,Theniet_El_Had,594,Theniet_El_Had,
38,Tissemsilt,08,Tissemsilt,719,Ouled_Bessam,
39,El_Oued,01,Bayadha,589,Bayadha,
39,El_Oued,02,Debila,836,Debila,
39,El_Oued,03,El_Oued,347,El-Oued,
39,El_Oued,04,Guemar,691,Guemar,
39,El_Oued,05,Hassi_Khalifa,704,Hassi_Khalifa,
39,El_Oued,06,Magrane,874,Magrane,
39,El_Oued,07,Mih_Ouensa,241,Mih_Ouansa,
39,El_Oued,08,Reguiba,468,Hamraia,
39,El_Oued,09,Robbah,592,El_Ogla,
39,El_Oued,10,Taleb_Larbi,681,Douar_El_Maa,
40,Khenchela,01,Ain_Touila,512,Ain_Touila,
40,Khenchela,02,Babar,896,Babar,
40,Khenchela,03,Bouhmama,458,Yabous,
40,Khenchela,04,Chechar,124,Khirane,
40,Khenchela,05,El_Hamma,768,Baghai,
40,Khenchela,06,Kais,637,Kais,
40,Khenchela,06,Kais,249,Taouzianat,
40,Khenchela,07,Khenchela,167,Khenchela,
40,Khenchela,08,Ouled_Rechache,975,El_Mahmal,
40,Khenchela,08,Ouled_Rechache,524,Ouled_Rechache,
41,Souk_Ahras,01,Bir_Bouhouche,123,Bir_Bouhouche,
41,Souk_Ahras,01,Bir_Bouhouche,981,Zouabi,
41,Souk_Ahras,02,Haddada,623,Haddada,
41,Souk_Ahras,02,Haddada,512,Ouled_Moumen,
41,Souk_Ahras,03,M'daourouche,662,Tiffech,
41,Souk_Ahras,03,M'daourouche,821,M'daourouche,
41,Souk_Ahras,04,Mechroha,873,Hanencha,
41,Souk_Ahras,04,Mechroha,574,Machroha,
41,Souk_Ahras,05,Merahna,245,Merahna,
41,Souk_Ahras,05,Merahna,432,Sidi_Fredj,
41,Souk_Ahras,06,Ouled_Driss,332,Ain_Zana,
41,Souk_Ahras,06,Ouled_Driss,467,Ouled_Driss,
41,Souk_Ahras,07,Oum_El_Adhaim,631,Oum_El_Adhaim,
41,Souk_Ahras,07,Oum_El_Adhaim,548,Oued_Kebrit,
41,Souk_Ahras,08,Sedrata,542,Sedrata,
41,Souk_Ahras,08,Sedrata,957,Khemissa,
41,Souk_Ahras,09,Souk_Ahras,416,Souk_Ahras,
41,Souk_Ahras,10,Taoura,643,Taoura,
41,Souk_Ahras,10,Taoura,521,Zaarouria,
42,Tipaza,01,Ahmar_El_Ain,789,Ahmer_El_Ain,
42,Tipaza,01,Ahmar_El_Ain,354,Sidi_Rached,
42,Tipaza,02,Bou_Ismail,632,Bou_Ismail,
42,Tipaza,02,Bou_Ismail,421,Khemisti,
42,Tipaza,03,Cherchell,971,Cherchell,
42,Tipaza,03,Cherchell,126,Sidi_Semiane,
42,Tipaza,04,Damous,784,Damous,
42,Tipaza,04,Damous,579,Beni_Mileuk,
42,Tipaza,05,Fouka,899,Fouka,
42,Tipaza,06,Gouraya,398,Gouraya,
42,Tipaza,06,Gouraya,500,Messelmoun,
42,Tipaza,07,Hadjout,617,Hadjout,
42,Tipaza,07,Hadjout,535,Merad,
42,Tipaza,08,Kolea,968,Attatba,
42,Tipaza,08,Kolea,729,Kolea,
42,Tipaza,09,Sidi_Amar,496,Menaceur,
42,Tipaza,09,Sidi_Amar,625,Sidi-Amar,
42,Tipaza,10,Tipaza,590,Tipaza,
43,Mila,01,Ain_Beida_Harriche,863,El_Ayadi_Barbes,
43,Mila,01,Ain_Beida_Harriche,586,Ain_Beida_Harriche,
43,Mila,02,Bouhatem,723,Derrahi_Bousselah,
43,Mila,02,Bouhatem,348,Bouhatem,
43,Mila,03,Chelghoum_Laid,791,Oued_Athmenia,
43,Mila,03,Chelghoum_Laid,653,Chelghoum_Laid,
43,Mila,04,Ferdjioua,935,Yahia_Beniguecha,
43,Mila,04,Ferdjioua,178,Ferdjioua,
43,Mila,05,Grarem_Gouga,452,Hamala,
43,Mila,05,Grarem_Gouga,269,Grarem_Gouga,
43,Mila,06,Mila,674,Ain_Tine,
43,Mila,06,Mila,319,Mila,
43,Mila,07,Oued_Endja,159,Zeghaia,
43,Mila,07,Oued_Endja,349,Oued_Endja,
43,Mila,08,Rouached,497,Tiberguent,
43,Mila,08,Rouached,577,Rouached,
43,Mila,09,Sidi_Merouane,262,Sidi_Merouane,
43,Mila,09,Sidi_Merouane,927,Chigara,
43,Mila,10,Tadjenanet,215,Tadjenanet,
43,Mila,10,Tadjenanet,490,Ouled_Khalouf,
43,Mila,11,Tassadane_Haddada,100,Tassadane_Haddada,
43,Mila,11,Tassadane_Haddada,614,Minar_Zarza,
43,Mila,12,Teleghma,588,Teleghma,
43,Mila,12,Teleghma,890,Oued_Seguen,
43,Mila,13,Terrai_Bainen,219,Tassala_Lematai,
43,Mila,13,Terrai_Bainen,787,Terrai_Bainen,
44,Ain_Defla,01,Ain_Defla,651,Ain-Defla,
44,Ain_Defla,02,Ain_Lechiakh,844,Oued_Djemaa,
44,Ain_Defla,03,Bathia,493,Bathia,
44,Ain_Defla,03,Bathia,653,Hassania,
44,Ain_Defla,04,Bordj_El_Emir_Khaled,916,Bir-Ould-Khelifa,
44,Ain_Defla,04,Bordj_El_Emir_Khaled,689,Bordj-Emir-Khaled,
44,Ain_Defla,05,Boumedfaa,776,Hoceinia,
44,Ain_Defla,05,Boumedfaa,479,Boumedfaa,
44,Ain_Defla,06,Djelida,878,Djelida,
44,Ain_Defla,06,Djelida,231,Djemaa_Ouled_Cheikh,
44,Ain_Defla,07,Djendel,575,Birbouche,
44,Ain_Defla,07,Djendel,783,Djendel,
44,Ain_Defla,08,El_Abadia,476,Ain-Bouyahia,
44,Ain_Defla,08,El_Abadia,991,El-Abadia,
44,Ain_Defla,09,El_Amra,527,El-Amra,
44,Ain_Defla,09,El_Amra,102,Mekhatria,
44,Ain_Defla,10,El_Attaf,119,El-Attaf,
44,Ain_Defla,10,El_Attaf,309,Tiberkanine,
44,Ain_Defla,11,Hammam_Righa,953,Ain-Torki,
44,Ain_Defla,11,Hammam_Righa,709,Hammam-Righa,
44,Ain_Defla,12,Khemis,458,Khemis-Miliana,
44,Ain_Defla,12,Khemis,215,Sidi-Lakhdar,
44,Ain_Defla,13,Miliana,425,Ben_Allal,
44,Ain_Defla,13,Miliana,442,Miliana,
44,Ain_Defla,14,Rouina,445,Rouina,
44,Ain_Defla,14,Rouina,450,Zeddine,
45,Naâma,01,Ain_Sefra,462,Tiout,
45,Naâma,01,Ain_Sefra,452,Ain_Sefra,
45,Naâma,02,Asla,453,Asla,
45,Naâma,03,Mecheria,458,Mecheria,
45,Naâma,03,Mecheria,455,El_Biodh,
45,Naâma,04,Mekmen_Ben_Amar,456,Kasdir,
45,Naâma,04,Mekmen_Ben_Amar,457,Makmen_Ben_Amar,
45,Naâma,05,Moghrar,459,Moghrar,
45,Naâma,05,Moghrar,454,Djenienne_Bourezg,
45,Naâma,06,Naama,460,Naama,
45,Naâma,07,Sfissifa,461,Sfissifa,
46,Ain_Temouchent,01,Ain_Kihel,463,Aghlal,
46,Ain_Temouchent,01,Ain_Kihel,465,Ain_Kihal,
46,Ain_Temouchent,01,Ain_Larbaa,486,Sidi_Boumediene,
46,Ain_Temouchent,01,Ain_Larbaa,489,Tamzoura,
46,Ain_Temouchent,02,Ain_Temouchent,485,Sidi_Ben_Adda,
46,Ain_Temouchent,02,Ain_Temouchent,466,Ain_Temouchent,
46,Ain_Temouchent,03,Beni_Saf,469,Beni_Saf,
46,Ain_Temouchent,03,Beni_Saf,488,Sidi_Safi,
46,Ain_Temouchent,04,El_Amria,473,El_Amria,
46,Ain_Temouchent,04,El_Amria,479,Hassi_El_Ghella,
46,Ain_Temouchent,05,El_Maleh,471,Chaabat_El_Ham,
46,Ain_Temouchent,05,El_Maleh,474,El_Maleh,
46,Ain_Temouchent,06,Hammam_Bou_Hadjar,472,Chentouf,
46,Ain_Temouchent,06,Hammam_Bou_Hadjar,477,Hammam_Bou_Hadjar,
46,Ain_Temouchent,07,Oulhassa_Gheraba,484,Oulhaca_El_Gheraba,
46,Ain_Temouchent,07,Oulhassa_Gheraba,487,Sidi_Ouriache,
47,Ghardaia,01,Berriane,491,Berriane,
47,Ghardaia,02,Bounoura,494,El_Atteuf,
47,Ghardaia,02,Bounoura,492,Bounoura,
47,Ghardaia,03,Dhayet_Ben_Dhahoua,493,Dhayet_Bendhahoua,
47,Ghardaia,04,El_Guerrara,497,El_Guerrara,
47,Ghardaia,05,Ghardaia,496,Ghardaia,
47,Ghardaia,06,Mansourah,500,Mansoura,
47,Ghardaia,07,Metlili,502,Sebseb,
47,Ghardaia,07,Metlili,501,Metlili,
47,Ghardaia,08,Zelfana,503,Zelfana,
48,Relizane,01,Ain_Tarek,505,Ain-Tarek,
48,Relizane,01,Ain_Tarek,518,Had_Echkalla,
48,Relizane,02,Ammi_Moussa,506,Ammi_Moussa,
48,Relizane,02,Ammi_Moussa,513,El_Hassi,
48,Relizane,03,Djidiouia,512,Djidiouia,
48,Relizane,03,Djidiouia,531,Ouled_Sidi_Mihoub,
48,Relizane,04,El_H'madna,527,Oued_El_Djemaa,
48,Relizane,04,El_H'madna,514,El_H'madna,
48,Relizane,05,El_Matmar,507,Belaassel_Bouzagza,
48,Relizane,05,El_Matmar,517,El-Matmar,
48,Relizane,06,Mazouna,516,El-Guettar,
48,Relizane,06,Mazouna,522,Mazouna,
48,Relizane,07,Mendes,524,Mendes,
48,Relizane,07,Mendes,528,Oued_Essalem,
48,Relizane,08,Oued_Rhiou,529,Oued-Rhiou,
48,Relizane,08,Oued_Rhiou,521,Lahlef,
48,Relizane,09,Ramka,539,Souk_El_Had,
48,Relizane,09,Ramka,532,Ramka,
48,Relizane,10,Relizane,508,Bendaoud,
48,Relizane,10,Relizane,533,Relizane,
48,Relizane,11,Sidi_M'hamed_Ben_Ali,536,Sidi_M'hamed_Benali,
48,Relizane,11,Sidi_M'hamed_Ben_Ali,523,Mediouna,
48,Relizane,12,Yellel,504,Ain_Rahma,
48,Relizane,12,Yellel,540,Yellel,
48,Relizane,13,Zemmoura,509,Beni_Dergoun,
48,Relizane,13,Zemmoura,541,Zemmoura,
49,Timimoun,01,Aougrout,012,Metarfa,
49,Timimoun,01,Aougrout,003,Aougrout,
49,Timimoun,02,Charouine,019,Talmine,
49,Timimoun,02,Charouine,007,Charouine,
49,Timimoun,03,Timimoun,024,Timimoun,
49,Timimoun,03,Timimoun,015,Ouled_Said,
49,Timimoun,04,Tinerkouk,025,Tinerkouk,
49,Timimoun,04,Tinerkouk,011,Ksar_Kaddour,
50,Bordj_Badji_Mokhtar,01,Bordj_Badji_Mokhtar,023,Timiaouine,
50,Bordj_Badji_Mokhtar,01,Bordj_Badji_Mokhtar,005,Bordj_Badji_Mokhtar,
51,Ouled_Djellal,01,Ouled_Djellal,240,Doucen,
51,Ouled_Djellal,01,Ouled_Djellal,255,Ouled_Djellal,
51,Ouled_Djellal,02,Sidi_Khaled,232,Besbes,
51,Ouled_Djellal,02,Sidi_Khaled,259,Sidi_Khaled,
52,Beni_Abbes,01,Beni_Abbes,265,Beni-Abbes,
52,Beni_Abbes,01,Beni_Abbes,282,Tamtert,
52,Beni_Abbes,02,El_Ouata,269,El_Ouata,
52,Beni_Abbes,03,Igli,271,Igli,
52,Beni_Abbes,04,Kerzaz,273,Kerzaz,
52,Beni_Abbes,4,Kerzaz,283,Timoudi,
52,Beni_Abbes,5,Ouled_Khodeir,279,Ouled-Khodeir,
52,Beni_Abbes,5,Ouled_Khodeir,274,Ksabi,
53,In_Salah,01,In_Ghar,498,Inghar,
53,In_Salah,02,In_Salah,498,Ain_Salah,
53,In_Salah,02,In_Salah,498,Foggaret_Ezzoua,
54,In_Guezzam,01,Tin_Zouatine,498,Tin_Zouatine,
54,In_Guezzam,02,In_Guezzam,498,Ain_Guezzam,
55,Touggourt,01,El-Hadjira,498,El_Alia,
55,Touggourt,01,El-Hadjira,498,El-Hadjira,
55,Touggourt,02,Megarine,498,Sidi_Slimane,
55,Touggourt,02,Megarine,498,Megarine,
55,Touggourt,03,Taibet,498,Taibet,
55,Touggourt,03,Taibet,498,Benaceur,
55,Touggourt,04,Temacine,498,Temacine,
55,Touggourt,04,Temacine,498,Blidet_Amor,
55,Touggourt,05,Touggourt,498,Touggourt,
55,Touggourt,05,Touggourt,498,Zaouia_El_Abidia,
56,Djanet,01,Djanet,498,Djanet,
56,Djanet,01,Djanet,498,Bordj_El_Haouass,
57,El_Meghaier,01,Djamaa,498,Djamaa,
57,El_Meghaier,01,Djamaa,498,Tenedla,
57,El_Meghaier,02,El_Meghaier,498,Oum_Touyour,
57,El_Meghaier,02,El_Meghaier,498,El-M'ghaier,
58,El_Menia,01,El_Menia,498,El_Meniaa,
58,El_Menia,01,El_Menia,498,Hassi_Gara,
58,El_Menia,02,Mansourah,498,Hassi_Fehal,
